:020000040800F2
:1000000000000824C14B0008694300086B43000846
:100010006D4300086F4300087143000800000000B2
:100020000000000000000000000000007343000812
:10003000754300080000000077430008794300087A
:10004000154C0008154C0008154C0008154C00080C
:10005000154C0008154C0008154C0008154C0008FC
:10006000154C0008154C0008154C00087D4300088D
:1000700089430008154C0008154C0008154C000871
:10008000154C0008154C0008154C0008154C0008CC
:10009000154C0008154C0008154C0008154C0008BC
:1000A000154C0008154C0008154C0008154C0008AC
:1000B000154C0008154C0008154C0008154C00089C
:1000C000154C0008154C0008154C00089543000815
:1000D000154C0008154C0008A1430008AD4300086A
:1000E000154C0008154C000800000000154C0008D5
:1000F000154C0008154C0008154C0008154C00085C
:10010000154C0008154C0008154C0008154C00084B
:10011000154C0008154C0008D1430008154C000888
:10012000154C0008154C0008154C0008154C00082B
:10013000154C0008154C0008154C0008154C00081B
:1001400000000000000000000000000000000000AF
:10015000154C0008154C0008154C0008154C0008FB
:10016000154C0008154C0008154C0008154C0008EB
:10017000154C0008154C0008154C0008154C0008DB
:10018000154C0008154C0008154C0008154C0008CB
:10019000154C0008154C0008154C0008154C0008BB
:1001A000154C0008154C0008154C0008154C0008AB
:1001B000154C0008154C0008154C0008154C00089B
:1001C000154C0008154C0008154C0008154C00088B
:1001D000154C0008DD430008154C0008154C0008BC
:1001E000154C0008154C0008154C0008154C00086B
:1001F000154C0008154C0008154C0008154C00085B
:10020000154C0008154C0008154C0008154C00084A
:10021000154C0008154C0008154C0008154C00083A
:10022000154C0008154C0008154C00080000000093
:10023000154C0008154C000800000000154C000883
:10024000154C0008154C0008154C0008154C00080A
:10025000154C0008154C0008154C0008154C0008FA
:10026000154C0008154C0008154C0008154C0008EA
:10027000154C0008154C0008154C00080000000043
:10028000154C0008154C0008154C00080000000033
:0802900000000000154C0008FD
:1002A00010B5054C237833B9044B13B10448AFF3B0
:1002B00000800123237010BDC00300240000000053
:1002C0003016010808B5034B1BB103490348AFF3CF
:1002D000008008BD00000000C4030024301601089F
:1002E00010F8012B11F8013B012A28BF9A42F7D0E0
:1002F000D01A70470000000000000000000000005D
:1003000001F0FF01102A2BDB10F0070F08D010F8C6
:10031000013B013A8B422DD010F0070F42B3F6D1CA
:10032000F0B441EA012141EA014122F007047FF0E3
:1003300000070023F0E80256083C85EA010586EA3A
:10034000010685FA47F5A3FA87F586FA47F6A5FA76
:1003500087F68EB9EED1F0BC01F0FF0102F0070282
:1003600032B110F8013B013A83EA010313B1F8D12D
:100370000020704701387047002D06BF354603380E
:10038000073815F0010F07D1013015F4807F02BF47
:10039000013015F4C03F0130F0BC0138704700BF98
:1003A000034613F8012B002AFBD1181A01387047B5
:1003B00081F0004102E000BF83F0004330B54FEA16
:1003C00041044FEA430594EA050F08BF90EA020F83
:1003D0001FBF54EA000C55EA020C7FEA645C7FEA16
:1003E000655C00F0E2804FEA5454D4EB5555B8BF39
:1003F0006D420CDD2C4480EA020281EA030382EAAA
:10040000000083EA010180EA020281EA0303362D3B
:1004100088BF30BD11F0004F4FEA01314FF4801C0E
:100420004CEA113102D0404261EB410113F0004F20
:100430004FEA03334CEA133302D0524263EB4303D7
:1004400094EA050F00F0A780A4F10104D5F1200E75
:100450000DDB02FA0EFC22FA05F2801841F10001D0
:1004600003FA0EF2801843FA05F359410EE0A5F1A4
:1004700020050EF1200E012A03FA0EFC28BF4CF0D5
:10048000020C43FA05F3C01851EBE37101F000458B
:1004900007D54FF0000EDCF1000C7EEB00006EEB98
:1004A0000101B1F5801F1BD3B1F5001F0CD3490822
:1004B0005FEA30004FEA3C0C04F101044FEA445279
:1004C00012F5800F80F09A80BCF1004F08BF5FEA00
:1004D000500C50F1000041EB045141EA050130BDE0
:1004E0005FEA4C0C404141EB0101013C28BFB1F5F2
:1004F000801FE9D291F0000F04BF01460020B1FA3D
:1005000081F308BF2033A3F10B03B3F120020CDA0F
:100510000C3208DD02F1140CC2F10C0201FA0CF0ED
:1005200021FA02F10CE002F11402D8BFC2F1200C52
:1005300001FA02F120FA0CFCDCBF41EA0C01904008
:10054000E41AA2BF01EB0451294330BD6FEA040451
:100550001F3C1CDA0C340EDC04F11404C4F120023C
:1005600020FA04F001FA02F340EA030021FA04F34E
:1005700045EA030130BDC4F10C04C4F1200220FAA5
:1005800002F001FA04F340EA0300294630BD21FAE3
:1005900004F0294630BD94F0000F83F4801306BFA9
:1005A00081F480110134013D4EE77FEA645C18BF9D
:1005B0007FEA655C29D094EA050F08BF90EA020F34
:1005C00005D054EA000C04BF1946104630BD91EA2C
:1005D000030F1EBF0021002030BD5FEA545C05D12F
:1005E0004000494128BF41F0004130BD14F580046E
:1005F0003CBF01F5801130BD01F0004545F0FE41E2
:1006000041F470014FF0000030BD7FEA645C1ABF16
:10061000194610467FEA655C1CBF0B46024650EA4D
:10062000013406BF52EA033591EA030F41F4002179
:1006300030BD00BF90F0000F04BF0021704730B5FF
:100640004FF4806404F132044FF000054FF00001D4
:1006500050E700BF90F0000F04BF0021704730B595
:100660004FF4806404F1320410F0004548BF40426A
:100670004FF000013EE700BF42004FEAE2014FEABF
:1006800031014FEA02701FBF12F07F4393F07F4F9A
:1006900081F06051704732F07F4208BF704793F09D
:1006A0007F4F04BF41F40021704730B54FF46074B0
:1006B00001F0004521F000411CE700BF50EA0102B3
:1006C00008BF704730B54FF000050AE050EA01025C
:1006D00008BF704730B511F0004502D5404261EBCC
:1006E00041014FF4806404F132045FEA915C3FF40D
:1006F000D8AE4FF003025FEADC0C18BF03325FEAAA
:10070000DC0C18BF033202EBDC02C2F1200300FA5A
:1007100003FC20FA02F001FA03FE40EA0E0021FA7F
:1007200002F11444BDE600BF53B94AB9002908BF1D
:1007300000281CBF4FF0FF314FF0FF3000F0C0B970
:10074000ADF1080C6DE904CE00F03EF8DDF804E0F0
:10075000DDE9022304B0704708B502460B4643ECBE
:10076000172BB5EEC07BF1EE10FA03D4BDE80840BC
:1007700000F00AB8B1EE477B51EC170B00F004F81B
:10078000404261EB410108BD9FED0B6B41EC170B43
:100790009FED0B5B27EE066BBCEEC66BB8EE464BCF
:1007A000A4EE457BFCEEC77B16EE101A17EE900AFE
:1007B000704700BFAFF30080000000000000F03D74
:1007C000000000000000F0412DE9F047089D8E4632
:1007D00004468846002B4AD18A42174662D9B2FAAB
:1007E00082F64EB1C6F1200301FA06F820FA03F3AF
:1007F000B74043EA0808B4404FEA174E1FFA87FC97
:10080000B8FBFEF1230C0EFB118843EA084301FB01
:100810000CF29A4209D9FB1801F1FF3080F0EA800E
:100820009A4240F2E78002393B449A1AA3B2B2FBE3
:10083000FEF00EFB102243EA024300FB0CFC9C4539
:1008400009D9FB1800F1FF3280F0D6809C4540F2B8
:10085000D3803B44023840EA0140A3EB0C03002163
:100860001DB1F3400022C5E90032BDE8F0878B429C
:1008700005D90DB1C5E9000100210846F5E7B3FA35
:1008800083F1002946D1734502D3824200F20581EB
:10089000841A6EEB030201209046002DE5D0C5E9D5
:1008A0000048E2E7002A00F09080B2FA82F6002EBB
:1008B00040F0A4808A1A030C4FEA174E80B2BCB2F3
:1008C0000121B2FBFEFC0EFB1C2243EA024304FBA7
:1008D0000CF29A4207D9FB180CF1FF3802D29A4267
:1008E00000F2E080C4469B1AB3FBFEF20EFB12330B
:1008F00040EA034302FB04F49C4207D9FB1802F1CF
:10090000FF3002D29C4200F2CA8002461B1B42EA20
:100910000C40A5E7C1F120068B4022FA06F71F43E1
:100920000EFA01F420FA06F32EFA06FE4FEA1749F2
:10093000234300FA01F81FFA87FCBEFBF9F01C0CF8
:1009400009FB10EE44EA0E4400FB0CFEA64502FA39
:1009500001F209D93C1900F1FF3A80F09C80A645CC
:1009600040F2998002383C44A4EB0E041FFA83FE47
:10097000B4FBF9F309FB13444EEA044403FB0CFCFB
:10098000A44508D93C1903F1FF3E80F08280A445BC
:100990007FD9023B3C4443EA0040A4EB0C04A0FB9B
:1009A00002EC64457346E14662D35FD05DB1B8EBBB
:1009B000030264EB090404FA06F622FA01F31E436B
:1009C000CC40C5E9006400214FE7B1FBF2FC010C0B
:1009D00041EA0E4180B240EA01423B4638463C467D
:1009E000B846BE462026B1FBF7F1A2EB080241EA69
:1009F0000C4166E7014618E710462CE7C6F12002D5
:100A00002EFA02F3B740B14020FA02F24FEA174E35
:100A10000A43B3FBFEF8BCB20EFB1833110C41EADB
:100A2000034108FB04F9B04089454FEA104380B206
:100A30003ED9791808F1FF3C01D289451FD8A1EBB6
:100A40000901B1FBFEF909FB04F80EFB191192B282
:100A500042EA0142424529D2BA1809F1FF31C4D213
:100A60004245C2D2A9F102013A44BEE7F0459DD207
:100A7000BEEB02036CEB070C0138E14696E7A7EBEF
:100A800009094944A8F1020CB1FBFEF909FB04F87D
:100A9000DBE773467FE7504666E70846FDE63B44E2
:100AA000023A33E7ACF1020C3B441CE749469CE7B1
:100AB000A1EB0901C446B1FBFEF909FB04F8C4E748
:100AC000704700BFF0B587B014224FF4803001A901
:100AD00002F026FE244B019A9A4202D1029B012B7E
:100AE00005D02249002000F0D9FA07B0F0BD039BE1
:100AF0000C2B05D1049B052B02D1059B0D2B01D09E
:100B00001B49EFE71B4942F2D8424FF480301A4CA0
:100B100002F006FE174900250E4622460B4600202D
:100B20009F6C01300C330C3242F80C7C05281F6C92
:100B300042F8087C5F6C42F8047CF1D1013501F584
:100B400043713C340C2DE8D101240C4B0C4902209C
:100B50001C7000F0A3FA0B4B0220B2681C700A490B
:100B6000336900F09BFAC0E7BEBAFECA64160108FA
:100B700093160108B4060024E0030024DC030024DB
:100B8000B5160108B0060024D41601085F4B2DE904
:100B9000F0411B7863B901F13C0200230B600C317A
:100BA00041F8083C41F8043C8A42F7D1BDE8F081A5
:100BB000574B002293ED057A03F11805D3ED117A16
:100BC000B4EE407AF1EE10FA37FE000AB4EE670A8E
:100BD000F1EE10FA37FE800AF5EC016A1446013294
:100BE000F4EEC06AF1EE10FA40D4B4EEC70A4FF446
:100BF0004375F1EE10FA3DD805FB00330A4601F1CA
:100C00003C049D6C0C320C3342F80C5C1D6C42F8B9
:100C1000085C5D6C42F8045CA242F2D13D4B1B784B
:100C2000002BC3D0C0EB00133B4800EB830001F165
:100C30003C0390ED007A0C3151ED037A0C3077EEE5
:100C4000C77A41ED037A51ED027A10ED027A77EE20
:100C5000C77A41ED027A51ED017A10ED017A77EE13
:100C6000C77A41ED017A9942E3D19FE70C2AB3D1CB
:100C70001446BAE7B4EEE70AF1EE10FA15DB05FB0D
:100C800000330A4601F13C04D3F818530C320C33FC
:100C900042F80C5CD3F8105342F8085CD3F81453B4
:100CA00042F8045CA242EFD1B8E703EB840205FBF3
:100CB000003301F10C0892ED057AD2ED067A3C2260
:100CC00030EE470A77EEC77A04FB02220024A2F135
:100CD0003C0C5242C0EE276A634484331E196518E7
:100CE00008EB040E06EB0C07B6EC017A1744D7EDBF
:100CF000007A37EE677AE7EE267AE5EC017A7545F9
:100D0000F0D10C343C2CE9D188E700BFB0060024B8
:100D1000B4060024DC030024E00300242DE9F0479E
:100D2000484D00264FF0000ADFF82C8137462C464C
:100D3000DFF828910021444B202205F12D00EB61C2
:100D4000C5F810A0C5F814A0A961A96285F82C10F7
:100D5000C5E908110DF0A6FB7B1E0A2B07D8DFE8BA
:100D600003F00C121A2C353C434C565E6600374B90
:100D7000A3600123A381334614E0344BA36502230F
:100D8000A4F85C30F7E7324BC4F8A8304FF40053B6
:100D9000A4F8AC30EFE72D4BC4F8F8300823A4F8E2
:100DA000FC300C232B4A013704360C2FC5E90023F5
:100DB00005F15005BED1BDE8F087244BC4F8483199
:100DC0001023A4F84C31A6F1100314E01F4BC4F813
:100DD00098312023A4F89C31F5E71C4BC4F8E83186
:100DE0004023A4F8EC31EEE7184BC4F838328023E6
:100DF000A4F83C320C234A46D5E7144BC4F8883299
:100E00004FF48073A4F88C32A6F1200317E00F4B47
:100E1000C4F8D8324FF48063A4F8DC32F4E70B4B0B
:100E2000C4F828334FF48053A4F82C33ECE7074B75
:100E3000C4F878334FF40043A4F87C330C234246C3
:100E4000B1E700BFAC2B00240000C84100100258DD
:100E500000080258E06000244860002494600024E8
:100E60000B2838B505462DED028BB0EE408A70D8C0
:100E70003E4C502303FB004393F82C30002B68D1E9
:100E8000F7EE007AB4EEE70AF1EE10FA29DCFFEE95
:100E9000007AB4EEE70AF1EE10FA25D4B5EEC00AF6
:100EA000F1EE10FA22DB5023002203FB054399895F
:100EB000986805F047F85022DFED2D7A6A4368EE16
:100EC000277AA118A258FCEEE77A49681268082927
:100ED00017EE903A43D014D8D1B104293CD0D36551
:100EE00018E0B0EE678ADEE7B0EE678A5023012291
:100EF000B1EE488A03FB05439989986805F022F80A
:100F0000D9E70C292ED01029E9D1C2ED167A01E0DB
:100F1000C2ED0D7AB5EEC08A502303FB0544F1EE15
:100F200010FA84ED058AB4BFF1EE487AF0EE487A03
:100F3000B0EEC88AC4ED047A03F0CEFEDFED0D7A80
:100F4000A061B4EEE78AF1EE10FAC2BFA36A0133E2
:100F5000A362BDEC028B38BDC2ED0E7ADAE7C2EDBA
:100F60000F7AD7E7C2ED107AD4E700BFAC2B00248C
:100F700000C079440AD7233C10B52DED028BB0EEAA
:100F8000408A0024E0B20134B0EE480AFFF768FF5F
:100F90000C2CF7D1BDEC028B10BD00009FED010AB7
:100FA000FFF7EABF000000000B2810B50FD8084C6F
:100FB00001232070237584ED010AC4ED020A84ED3B
:100FC000031A216103F088FE0023A061E36110BDD4
:100FD0008C2B0024034B00229FED030A18781A750E
:100FE000FFF73EBF8C2B00240000000038B51A4CE0
:100FF000237D7BB303F070FEA369C51A2369B5FB9B
:10100000F3F5E369AB4225D294ED037A07EE905AEB
:1010100094ED010AB5EEC07AF8EE677AF1EE10FAB7
:10102000A7EE270A0ADDD4ED027AF4EEC07AF1EEDB
:1010300010FA0BDABDE83840FFF7CCBFFAD5D4ED93
:10104000027AF4EEC07AF1EE10FAF3D82078FFF7C6
:1010500007FFE56138BD00BF8C2B00240B2810B5BD
:101060000ED85023084C03FB0044A189A06804F06B
:1010700063FF012894ED040A01D1B1EE400A10BDCE
:101080009FED020AFBE700BFAC2B0024000000002C
:10109000014B1860704700BF6C2F002402280EB46B
:1010A00030B5ADF50E7D1ED8124C2368DBB103AD13
:1010B00092AB919A4FF48071284602930DF0E4F9B7
:1010C00003F00AFE0C4A03464FF4967143A80095BC
:1010D0000DF010F943A8FFF763F9642382B243A926
:1010E000206809F0EAFC0DF50E7DBDE8304003B044
:1010F000704700BF6C2F002404170108104B07B580
:10110000D3F8D8200B2042F00102C3F8D8200022E7
:10111000D3F8D830114603F001030193019B03F08B
:1011200015FE0B2003F044FE00220C20114603F0B4
:101130000DFE0C2003B05DF804EB03F039BE00BFD8
:1011400000440258F0B58DB014220021404F07A88A
:10115000404D0DF0A7F9404B384649F2FB51D3F80A
:10116000E0200024012642F01002C3F8E020D3F86A
:10117000E02002F010020192019AD3F8E02042F040
:101180000402C3F8E020D3F8E02002F00402029247
:10119000029AD3F8E02042F08002C3F8E020D3F8AE
:1011A000E02002F080020392039AD3F8E02042F09C
:1011B0000102C3F8E020D3F8E02002F0010204921B
:1011C000049AD3F8E02042F00202C3F8E020D3F8FA
:1011D000E02002F002020592059AD3F8E02042F0E6
:1011E0000802C3F8E0200022D3F8E03003F008033F
:1011F0000693069B04F0A6FE284600224FF40051F9
:1012000004F0A0FE01222846FF2104F09BFE49F2D3
:10121000FB5307A93846CDE90736CDE9094404F068
:10122000A3FD42F2FF0307A92846CDE90736CDE921
:10123000094404F099FD21464FF0806003F06AFDF7
:1012400021464FF0006003F065FD0DB0F0BD00BF1A
:101250000010025800080258004402580000000024
:1012600070B5494C00262DED088B9FED43AB25460C
:10127000DFED469A9FED46BA07EE906AB3EE099A03
:1012800001362035B8EEE70B20EE0A0BB7EEC08B27
:10129000B0EE480A10F0DCF860EE098AB0EE480AB9
:1012A00045ED088A10F010F820EE098A394B28EE37
:1012B000080A05ED078A45F8183CB1EE488AA8EE01
:1012C000A80AF1EE688A30EE290A0FF039FEC8EE5E
:1012D000807A042E45ED057AC8EE007A45ED047A51
:1012E000CBEE007A45ED037AC6D10025DFED2A9AD0
:1012F0009FED2ABA9FED22AB07EE905A01352034BC
:10130000B8EEE70B20EE0A0BB7EEC08BB0EE480A42
:1013100010F09EF860EE298AB0EE480AC4ED188AF3
:101320000FF0D2FF20EE298A1D4B28EE080A84ED2B
:10133000198AA366B1EE488AA8EEA80AF1EE688A77
:1013400030EE0B0A0FF0FCFDC8EE807A082DC4EDDC
:101350001B7AC8EE007AC4ED1C7AC9EE007AC4ED9F
:101360001D7AC9D10F490220BDEC088BBDE8704041
:10137000FFF794BEAFF30080182D4454FB21F93FD2
:10138000182D4454FB21E93FC82F002400001045CC
:10139000000040420000E0400000344200401C4495
:1013A0000000F0410F170108F0B50023224C002681
:1013B000224F2DED068B85B0E36023614FF0804313
:1013C0006D46DFED1F8A63611E4B9FED17AB9FEDEE
:1013D000189B0FCB85E80F00B5EC017A0136C034BD
:1013E000B7EEC77A27EE0A7B87EE090BB7EEC08B04
:1013F000B0EE480A10F02CF820EE280A84ED030A1B
:10140000B0EE480A0FF060FF20EE280A042E676154
:1014100084ED040AE0D10C49022005B0BDEC068B36
:10142000BDE8F040FFF73ABE182D4454FB210940B7
:1014300000000000008066408058002400007041D9
:1014400000000C4248160108331701080000000094
:1014500030B52DED088BB0EE40BA91B072B69C4B12
:101460000AAA03F110051868083353F8041C14463F
:10147000AB4203C42246F6D1186820609B88A38043
:10148000BDF92E3008EE103ABDF9303006EE103AB4
:10149000BDF9323007EE103ABDF934300AEE903A19
:1014A000BDF936300AEE103ABDF9383009EE903AFF
:1014B00062B6B8EEC88ADFED87BAB8EEC66A864C67
:1014C000B8EEC77A28EE2B8A26EE2B6A27EE2B7A07
:1014D000B7EEC88AB7EEC66AB7EEC77AF8EEEAAAE0
:1014E000B8EECAAAF8EEE99A6AEEABAA2AEE2BAADF
:1014F00069EEAB9A9FED745B28EE058B26EE056BCB
:1015000027EE057BB7EEC88BF7EEC68BB7EEC79B11
:1015100003F0E2FB2368C01A41F28833984212D9E3
:1015200003F0DAFBB7EEE97A206002206B498DED1B
:10153000027BB7EECA7A8DED007BB7EEEA7A53EC08
:10154000172BFFF7ABFD664B04A8664A0021D3EDCD
:101550000F7A92ED047A93ED2A6A77EEC77A92EDCC
:10156000057AD3ED2B6AB1EE465ACDED047AF1EE51
:10157000665AD3ED107A77EEC77A92ED067A1A465C
:10158000CDED057AD3ED117A77EEC77ACDED067AF7
:10159000B3EC017AF0EC014AD3ED087A27EE247A15
:1015A00093ED024AE4EE8B7AF4EE467AF1EE10FA0D
:1015B00076FE277AB4EE675AF1EE10FAB4EEEBBA83
:1015C00075FE277AA4EE277AF1EE10FAC3ED087AB9
:1015D00083ED117A0DDDD3ED0B7AC3ED0B4A74EE7A
:1015E000E77A87EE8B4AD3ED057AA7EE847A83ED0E
:1015F000117AD3ED117A0131F4EE667AF1EE10FA38
:1016000076FEA77AF4EE675AF1EE10FA75FEA77A25
:101610000329C3ED117ABBD1D2ED247A07A9324B4D
:1016200077EEEA7ACDED077AD2ED257A77EECA7AAF
:10163000CDED087AD2ED267A002277EEE97ACDED6B
:10164000097AF3EC017AF1EC014A93ED087A67EE3E
:10165000A47A93ED024AA4EE8B7AB4EE476AF1EED7
:1016600010FA48BFB0EE467AB4EE475AF1EE10FADF
:1016700035FE077AE4EE077A83ED087AF2B1012AA3
:1016800008FE897A93ED054A0132C3ED0B4AE4EE78
:10169000077AF4EE676AF1EE10FA48BFF0EE667A68
:1016A000F4EE675AF1EE10FA75FEA77A032AC3ED3D
:1016B000117AC6D111B0BDEC088B30BDB0EE487ABE
:1016C000E0E700BFAFF30080399D52A246DF913FB3
:1016D000C93200246F12833AB82F00245917010829
:1016E000040000244C3100245800002400000000B5
:1016F000974B2DE9F04F2DED0C8BD3ED04AAADF2F5
:10170000D44D93ED05BAF0EE409AD3ED06BAB0EEA3
:10171000609A904BF0EE418A054605AF8E4C5CAE68
:101720004FF000089FED8DAA9FED8DCA93E807004A
:1017300087E8070014ED027A54ED036A3BEE477A1E
:1017400054ED017A7AEEE66A7BEEE77A87EE0A8A52
:10175000C6EE8ADA87EE8ADA68EE08CA8DED398A33
:10176000EDEEADCACDED38DA8DED3ADAEDEE0DCA1B
:10177000B0EE6C0A0FF0E4FBB4EECC0AF1EE10FA16
:1017800039D5002310930F930E931693159314934A
:101790000E9B08F10108203446F8043BB8F10C0F09
:1017A000149BC6F88C300F9BF362159BC6F8BC30B7
:1017B000109BF365169BC6F8EC30BBD10024902239
:1017C00080A8CDED089A21468DED099ACDED0A8AC3
:1017D0000D94CDE90B440CF065FE9022214614A82F
:1017E0000CF060FE14A95CAA0E465CAFB446002063
:1017F00002F13008A1E0B9EE086A94ED017A6CEECE
:10180000AC7A94ED004AFAEE0E6AD4ED024A28EE64
:10181000065A38AB67EE807A0EA9F0EE083ABE465B
:1018200028EE078A0846ADEEA65A9C4627EE067AB1
:10183000A14683EEA73A0022F2EE005AADEE848A6A
:10184000A4EE267AADEE255AADEE248AA4EEA57A52
:10185000F1EE044A65EE244A64EE884AFEEC017A11
:101860000132B9EC014A68EE277A032AE5EE047AE0
:10187000BCEC014AE7EE047A24EE244AC4EE2C2A9A
:1018800077EEE27A67EE837AE0EC017AE6D12CEE2D
:10189000800A0DF5247CB7EE007AA64628EE238A4E
:1018A00000206246C7EE007AC8EE2C4AB3EC015A1B
:1018B0000130BEEC017A032894EE857A27EE877A10
:1018C000ACEC017AF2D192ED015A002392ED027A4A
:1018D00065EEC57AE7EE067A26EEC77ACDED147A84
:1018E000D2ED007A14AAA7EEA57A66EE677AE5EE45
:1018F000267A8DED157A9FED1B7ACDED167AD1ED16
:10190000007A013367EE877A032BE1EC017AD2ED9E
:10191000007A67EE877AE2EC017AF0D138E7F3ECEF
:10192000016ABEEC017A4345E6EE877AF7D10130D1
:101930003037ECEC017A062804D0BE461346DFEDC2
:101940000A7AECE701341836062C11D01A464CE717
:101950004C31002458160108D42F002400007A448A
:10196000BD37863595BFD63300000000BE378635BB
:1019700014AB00221FED037AD3ED007A0132184632
:101980001C3377EE877A062AC0ED007AF4D1B7EEE1
:10199000005BA4AC00229FEDA26B20460E46002304
:1019A000B6EC017A9A4203F10103B7EEC77AA0ECD4
:1019B000027B05FE067B062B80ED0A7BF0D101320F
:1019C00018316034062AE8D1A4A900224FF0600E35
:1019D00008469FED955B90ED007B16461746013259
:1019E0008446B0EEC77B33461446062C38D1B4EE9D
:1019F000C57BF1EE10FA00F18880B34243D10C466A
:101A0000002390ED006B94ED004B013384EE067BD8
:101A10000C2BA4EC027BF6D1FF00A4AB0024A64261
:101A200042D101346033062CF9D1062A00F1680056
:101A300001F16001CFD138AB0021B0AE1A46741865
:101A400003F11800B4EC027BB7EEC77BA3EC017A7C
:101A50009842F7D16031B1F5107F60D00346EEE7D0
:101A60009CED186BB0EEC66BB4EEC76BF1EE10FADE
:101A700007DCB0EE476BB0EE467B01340CF1600C36
:101A8000B3E72346F7E7A4AC8C460EFB03430024E0
:101A90000134DCE90089D3E900AB0C2CECE802ABA3
:101AA000E3E80289F4D1AAE703EB070C89469846DC
:101AB0009CED006B4FF0000CB1EE466B0CF1010C8D
:101AC00098ED007BB9EC024BBCF10C0FA4EE067B49
:101AD000A8EC027BF2D1A4E79DEDA67A0023DDED10
:101AE000A46A0220B7EEC77A136051498DED027BDC
:101AF0009DEDA57AB7EEC77A8DED007BB7EEE67A5D
:101B000053EC172BFFF7CAFA83E04A490020FFF78E
:101B1000C5FA30220021A4A80CF0C4FC66E01346EC
:101B20000EA8002208AC1E46DFED437A00210131E9
:101B3000F6EC016AB4EC017A0629E6EE877AF6D172
:101B400001321833E0EC017A062AEBD1A4AC002371
:101B500021465CAA0EAEDFED387A981800220746BF
:101B60000132B6EC017A3030D7ED006A062AE6EE93
:101B7000877AF4D10433E1EC017A302BE9D12246A3
:101B80009FED2D8A0023F2EC017A0133F0EEE77A23
:101B9000F4EE487AF1EE10FA37FE888A0C2BF2D177
:101BA000F7EE008AB4EEE88AF1EE10FA1EDD03F0DB
:101BB00093F8224A1368C31AB3F57A7F0AD9C8EE9C
:101BC000887A10601E490120B7EEE77A53EC172B94
:101BD000FFF764FA88EE887A0023D4ED007A0133A7
:101BE0000C2B67EE277AE4EC017AF6D1A4AB05F171
:101BF0003002F3EC017A77EEA77AE5EC017AAA429B
:101C0000F7D1104A13680133B3F5FA7FBFF464AF1C
:101C100013600DF2D44DBDEC0C8BBDE8F08F00BF0E
:101C2000000000000000000011EA2D819997713D2D
:101C3000AC170108D317010800000000B02F0024E2
:101C400084170108B42F002430B5224985B0022042
:101C50000024FFF723FA204A0121204D94605461AB
:101C6000D462D4659466C2F88040C2E90044C2E9F7
:101C70000344C2E90944C2E91544C2E91844C2E96F
:101C80001E44174A11710221164A117095F85130FD
:101C900013B9E0B202F0F8F90134C035052CF5D1E2
:101CA000114B0220114993ED117AD3ED0F6AB7EE73
:101CB000C77A8DED027B93ED107AB7EEC77A8DED82
:101CC000007BB7EEE67A53EC172BFFF7E7F905B088
:101CD00030BD00BFED170108280000248058002403
:101CE0004C31002448310024040000240E1801085F
:101CF00008B506490220FFF7D1F9FFF74FF9002395
:101D0000034A1371034A137008BD00BF3F1801084E
:101D10004C31002448310024B7EEE07A1FB50C4B5B
:101D200002200C4983ED0F0AC3ED100A83ED111A4E
:101D3000B7EEC11A8DED007BB7EEC07A8DED021BB8
:101D400053EC172BFFF7AAF905B05DF804FB00BFB1
:101D50000400002460180108B0EEC07A9FED256AE7
:101D6000F0EE406AB4EEC67AF1EE10FA0DD8C7EE86
:101D7000067A9FED217A27EE870AF5EEC06AF1EE2A
:101D800010FAB8BFB1EE400A7047F7EE007AB4EE31
:101D9000E77AF1EE10FA2ADA184A0023F2EC015A37
:101DA00019460133F4EEC75AF1EE10FA1AD8D2ED03
:101DB000007AF4EEC77AF1EE10FA13DB37EE657AAB
:101DC0000F4A77EEE57A02EB810102EB8302C7EE60
:101DD000275A91ED000A92ED006A36EE406AA6EEAF
:101DE000250ACAE7082BD9D19FED060AC5E79FED62
:101DF000060AC2E7CDCCCC3D0AD7233CF82A01081D
:101E0000D42A0108000000000AD7E33FF0B52DED09
:101E1000048BADF55B7D044600250BAF3E46E8B272
:101E20000135FFF71BF9FFF797FF0C2DA6EC010A10
:101E3000F5D126AE0025E8B201353146B7EC010AEE
:101E4000FEF7A4FE0C2D06F13C06F4D1A34E17AD0F
:101E500000202A463146DFEDA27A26AB0027F0EEBD
:101E6000676AC318B0EE677A93ED006A01373C33B6
:101E700077EE867A13ED0E6A0C2F76EE866A13EDF6
:101E80000D6A37EE067AEFD191ED096A0C30C03158
:101E90000C3276EE677A3C2842ED037A51ED267AD1
:101EA00077EEE67A42ED027A51ED257A77EEC77A3F
:101EB00042ED017ACFD18B4A2B460021D3ED007A37
:101EC000013192ED007A0C33052902F10C0277EE14
:101ED000C77A12ED027A43ED037A53ED027A77EE78
:101EE000C77A12ED017A43ED027A53ED017A77EE6B
:101EF000C77A43ED017AE1D195ED010AD5ED007A7B
:101F000020EE000AA7EEA70AD5ED027AA7EEA70AEF
:101F10000FF016F8F2EE047AF0EE409AB4EEE70A0B
:101F2000F1EE10FA00F19B809FED6F0ADFED6F0A72
:101F300080EE290A0FF03CF8F0EE007A30EE270A26
:101F40009FED677A07AAF7EE005A6449B0EE476A38
:101F50001046012391F81171002F00F08380D5ED18
:101F6000047AD5ED036A67EEA77AE6EEA67AD5ED98
:101F7000056AE6EEA67AF4EEE57AF1EE10FA74DD83
:101F800037EE277A0133C0310C35E0EC017A052BAE
:101F9000E0D1B5EEC07AF1EE10FA69DDDFED507AEE
:101FA0000123F0EE676AD6ED335A0133B2EC016AD1
:101FB000C036052BE5EE866AD6ED045AE6EE257AA4
:101FC000F1D186EE876AC7EE876A494B9FED497A61
:101FD000D3ED008ADFED487A68EE878AE6EE278A3D
:101FE000C3ED008A454BC4ED008A93ED008A28EECC
:101FF000078AA6EEA78ADFED427A83ED008A414B7D
:1020000084ED018A93ED009A29EE279ADFED3E7A5E
:10201000A0EE279A28EE080AA8EEA80A84ED029AF4
:1020200083ED009A0EF08CFF9FED387AB4EEC70A6C
:10203000F1EE10FA09DDC7EE007A68EEA78A28EE05
:10204000278AC4ED008A84ED018AF1EE047AB4EEA9
:10205000E79AF1EE10FA10D5C4ED027A14E0B3EE6F
:10206000090A6DE7F0EE467A8CE7DFED1D7A89E725
:10207000DFED1B6AB0EE666AA7E7DFED257AB4EE06
:10208000E79AF1EE10FAE7DC224A13680133B3F560
:10209000FA7F05D213600DF55B7DBDEC048BF0BDBE
:1020A000B7EEE90A0023D4ED006A022013601A4952
:1020B0008DED040B94ED027AB7EEC77A8DED027BBD
:1020C00094ED017AB7EEC77A8DED007BB7EEE67A34
:1020D00053EC172BFEF7E2FFDDE700BF805800242A
:1020E000000000001C2B010880096E4DABAAAA3E1F
:1020F000C42F00249899193E9A99593FC02F002463
:102100009A99993E000000243333333F00005C422B
:1021100000002042BC2F0024901801082DE9F04354
:10212000DFF8F8822DED048B95B002F0D5FD07465F
:1021300002F0D2FDD8F80030054633B9C8F80000E7
:1021400015B0BDEC048BBDE8F083C31A9FEDA07AF7
:1021500007EE903AF8EE677A87EE878ADFED9D7A90
:10216000B4EEE78AF1EE10FAEAD4DFED9B7A9B4EEB
:10217000B4EE678A96ED059AD6ED049A29EE090A1F
:10218000D6ED068AF1EE10FAA9EEA90A37FE888A82
:102190000EF0D6FEDFED927AB4EEE70AF1EE10FA19
:1021A0000BDCF5EEC08AF1EE10FA06D4DFED8D7A85
:1021B000F4EEE78AF1EE10FA16DDB7EEE87A8A4916
:1021C00001208DED027BB7EEC97A8DED007BB7EE75
:1021D000E97A53EC172BFEF761FF15B0BDEC048BC9
:1021E000BDE8F043FFF784BDB0EE480A9FED7F9A4B
:1021F000FFF72EF97E4BF2EE087A9FED7E1A93EDF3
:10220000120AD3ED130A20EE270AD3ED271A60EE47
:10221000A70AD3ED147A93ED282AA7EE891AD3EDF5
:10222000292AF3EE027AB0EEC07AF4EEE78AF1EEF4
:10223000047AB0EE418AF1EE10FAB4EEE77A48BFC4
:1022400031EE098AF1EE10FA0BDDB5EEC00ABFEEF1
:10225000007AB7EE000AF1EE10FA30FE070A20EE1F
:10226000270AB0EEE07AB4EEE77AF1EE10FA0BDD71
:10227000F5EEC00ABFEE007AF7EE000AF1EE10FAB2
:1022800070FE870A60EEA70AB0EEC87AB4EEE77A6D
:10229000F1EE10FA0BDDB5EEC08AB7EE001ABFEE14
:1022A000007AF1EE10FA31FE071A21EE278AB0EE1D
:1022B000481A08A8FFF71CFA4F4A13680133C72BC6
:1022C00040F2838000239FED4D7A136008AA0C230F
:1022D000F2EC017AF0EEE77AF4EE477AF1EE10FADA
:1022E00037FE877A013BF3D177EE076A4449B7EEB0
:1022F000C77A02208DED007BB7EEE67A53EC172B00
:10230000FEF7CCFE0DF120093E4A0C249FED3E7AEB
:102310004B46D2ED007A013CD3ED006A67EE897A34
:10232000E6EE877AE2EC017AE3EC017AF1D1E0B2F1
:102330000134B9EC010AFEF793FD0C2CF7D1334AB6
:102340001368013313606422B3FBF2F102FB113313
:102350002BBB9DED080AB7EEC88A96ED064AFFF73B
:10236000FBFCB7EEC03A9DED090AFFF7F5FCB7EEAE
:10237000C02A9DED0A0AB7EEC44AFFF7EDFCB7EE9E
:10238000C00A2349022053EC142B8DED060B8DED72
:10239000042B8DED023B8DED008BFEF77FFEC8F820
:1023A000005002F099FC1B4A1368C31AB3F57A7FF8
:1023B0007FF6C6AE1060C21B1749022015B0BDECF7
:1023C000048BBDE8F043FEF769BE13609AE700BFD7
:1023D00000007A44BD378635CDCCCC3D4C3100244D
:1023E00000005C4200002042B31801089A99993E0F
:1023F000040000249A99D93FA82F0024000000006F
:10240000F7180108782F00243333333F742F00244A
:1024100018190108702F002443190108AC2F00245B
:10242000164A10B51378012B07D0022B0DD01BB91B
:10243000AA2801D10123137010BD55284FF00003C5
:10244000F9D1022111700E4AF5E70D4B1C78611C81
:10245000C9B2197015290B4B1855EDD90A4903F16A
:10246000140053F8044B834241F8044BF9D11B8804
:102470000B800121054B19700023DCE7F7320024A3
:10248000E0320024E1320024C9320024C8320024A2
:1024900008B501F08BF8431E02460333BDE808403F
:1024A0009DBF20F07F4203490220034988BF0020DE
:1024B000FEF7F4BD551901087319010830B5374806
:1024C00095B0374C0125FEF7E3FD36490220FEF7B3
:1024D000E5FDFEF723FC2570FEF7C2FEFEF764FF64
:1024E000FEF7F0FA9FED300A05A90020FEF74EFB3B
:1024F0009DED077A2D490220B7EEC77A8DED027B5C
:102500009DED067AB7EEC77A8DED007BDDED057A9D
:10251000B7EEE77A53EC172BFEF7C0FDB7EE000AD3
:1025200005A90020FEF732FB9DED077A2049022025
:10253000B7EEC77A8DED027B9DED067AB7EEC77ACE
:102540008DED007BDDED057AB7EEE77A53EC172BC6
:10255000FEF7A4FD17490220FEF7A0FD01F0C6F921
:10256000657001F05BF888B91349FEF797FD6420A8
:1025700002F0B8FB11490220FEF790FD01F0AEFD1C
:102580000F490220FEF78AFD15B030BD0D4902202B
:10259000FEF784FDFFF77CFFE9E700BFC061002480
:1025A0004C3100249619010800000000CB190108E5
:1025B000011A0108371A01085A1A0108971A010866
:1025C000B51A01087D1A010808B502F085FB074A13
:1025D0001368C31AB3F57A7F06D3054B0021106048
:1025E000D9600021034B196008BD00BF7C31002475
:1025F0004C3100247031002408B502F06DFB014B12
:10260000986008BD4C31002408B5FFF7F5FFBDE820
:102610000840FFF7D9BF000008B527490220FEF7A0
:102620003DFD26490220FEF739FD25490220FEF72F
:1026300035FD24490220FEF731FD23490220FEF733
:102640002DFD22490220FEF729FD21490220FEF737
:1026500025FD20490220FEF721FD1F490220FEF73B
:102660001DFD1E490220FEF719FD1D490220FEF73F
:1026700015FD1C490220FEF711FD1B490220FEF743
:102680000DFD1A490220FEF709FD19490220FEF747
:1026900005FD18490220FEF701FD17490220FEF74B
:1026A000FDFC16490220FEF7F9FC15490220BDE8A1
:1026B0000840FEF7F3BC00BFD71A0108ED1A010865
:1026C000051B0108231B0108451B01088B1B010882
:1026D000B71B0108E51B01082A1C01084E1C010854
:1026E000741C01089E1C0108D21C01080A1D010867
:1026F0003E1D01088D1D0108C11D0108041E0108B1
:10270000291E01080A2304220149024808F0D5B90C
:102710004A1E0108C06100241FB5284C0220284928
:10272000FEF7BCFCA26827490220FEF7B7FCD4EDF7
:10273000037A25490220B7EEE77A53EC172BFEF710
:10274000ADFC227821490220FEF7A8FC62782049DE
:102750000220FEF7A3FCE2781E490220FEF79EFC51
:10276000A2781D490220FEF799FC22791B4902201C
:10277000FEF794FC94ED067AD4ED046A0220B7EEDD
:10278000C77A17498DED027B94ED057A154CB7EEAB
:10279000C77A8DED007BB7EEE67A53EC172BFEF788
:1027A0007DFC20464FF4807101F07CFC22460E49EE
:1027B000022004B0BDE81040FEF770BC4C3100248C
:1027C0004F1E0108601E0108711E0108851E0108C8
:1027D000991E0108AF1E0108C61E0108DE1E010871
:1027E000F61E0108C83100240A1701083C4B2DE9E8
:1027F000F0411B78A6B0002B6AD002F06DFA39497F
:1028000003460A68821A38480068824260D30B6027
:1028100006A8364A80210BF06DFD354D0446002692
:10282000344FDFF8D88006ABC4F18001181995F851
:102830005130002B4FD0D5ED107A424695ED0B7AF2
:1028400037EE277AB7EEC77A8DED047BD5ED0F7A98
:1028500095ED0A7A37EE277AB7EEC77A8DED027BCF
:10286000D5ED0E7A95ED097A37EE277AB7EEC77A6D
:102870008DED007B0BF03EFD01360444C035052E86
:10288000D1D11D4BC4F180011C4A93ED067AB7EEFD
:10289000C77A8DED047B93ED057AB7EEC77A8DED9F
:1028A000027B93ED047A06ABB7EEC77A18198DED6B
:1028B000007B0BF01FFD124906A80BF0FBFD06A8DC
:1028C000FDF76EFD0A2382B206A90E4808F0F5F85E
:1028D00026B0BDE8F0813A460BF00CFDCCE700BF16
:1028E0006C31002478310024B40000241E1F01083C
:1028F00080580024321F01084C310024221F010897
:102900005D250108C061002473B50A460D460446E2
:1029100031490220FEF7C2FB42F2D842954207D06D
:102920002B462E49002002B0BDE87040FEF7B6BB32
:10293000D4E900232A490220FEF7B0FB2268294B84
:102940009A4206D02849002002B0BDE87040FEF748
:10295000A5BB6368012B01D02449F4E7D4E9022325
:1029600021690C2A03D1052B01D10D2906D0009134
:1029700000201F49FEF792FB02B070BD4FF4803576
:102980001C4E1D490220FEF789FB284600F04CFE34
:102990002A4605F5805531460220FEF77FFBB5F546
:1029A000983FF2D115490220FEF778FB214642F20A
:1029B000D8424FF4803000F08BFE4FF48032104943
:1029C0000220FEF76BFB642304220E490E4802B07E
:1029D000BDE8704008F071B8391F0108521F0108A6
:1029E0007C1F0108BEBAFECA9D1F0108B11F010865
:1029F000C31F010809200108F41F01082420010851
:102A00003E2001086A200108C06100241FB50C4B5C
:102A10001A788AB100220B481A70037963B14FF01B
:102A20007E53694610300093002301930293039371
:102A3000FFF7ECF9FFF772FB05B05DF804FB00BF90
:102A4000DF3200244C310024026838B5244B9A420E
:102A500045D1244A1378D3B1234C2449236809680B
:102A60008B420BD3002322481370FFF74DFF012246
:102A700020492148BDE8384008F08AB9581C206038
:102A800081421C4C25781A4CE554F0D8EAE71949E4
:102A90001A480A7803880D2A01D00A2A0AD113B1EC
:102AA000174B01221A700A2302221649124808F015
:102AB00004F8DCE7082A01D07F2A07D1002BD6D002
:102AC000013B0322104903800A23EFE73E2BCED8B7
:102AD0005C1C04800D48C2540A230122E6E738BD7D
:102AE00000440040D8570024FC320024F83200246F
:102AF0000033002484310024C06100248631002486
:102B00006D3100245C2501080F2101088831002463
:102B10000268044B9A4204D101220349034808F099
:102B200037B970470044004084310024C06100245C
:102B30000268034B9A4202D1024B01221A7070477D
:102B400000100040DF3200249E4A2DE9F0472DEDB1
:102B5000088B137886B0002B00F03A8300239A4E3E
:102B600013703188994A535499490B6801330B60AB
:102B7000144601322378093BDBB2172B04D8954960
:102B800021FA03F3D907F3D420460025FDF708FC0A
:102B900090492218A8B112F8013C093BDBB2172B6F
:102BA00003D821FA03F3DB0718D420468A490BF037
:102BB000A3FC044628B18949FDF792FB90B9FFF7C1
:102BC0002BFD00214022814831800BF06BFC06B0C8
:102BD000BDEC088BBDE8F047FFF794BD013802F863
:102BE000015DD7E77E492046FDF77AFB10B9FFF774
:102BF00093FDE6E77B492046FDF772FB054648BB9F
:102C000075490BF079FC0446734928460BF074FCB7
:102C10000546ECB1E0B1204609F0A5FD0446284682
:102C200009F09EFD0B2C10D8B7EEC08BE0B2B0EED1
:102C3000480AFEF715F9B7EEC88A22466A498DEDB3
:102C4000008B0220FEF72AFABBE7684900201CE04F
:102C50006749FBE767492046FDF742FBC0B95E497B
:102C60000BF04AFC80B109F07BFDB7EEC08BB0EEF3
:102C7000480AFEF781F9B7EEC87A5F4953EC172B83
:102C80000220FEF70BFA9CE75C49FEF707FA98E78B
:102C90005B492046FDF724FB20B9FEF77FF959492F
:102CA0000220F2E758492046FDF71AFB60B94A496D
:102CB0000BF022FC08B95549E7E709F054FD072855
:102CC00040F21E815249C1E752492046FDF708FBF8
:102CD000054600285BD140490BF00EFC3E490446F6
:102CE00028460BF009FC3C49824628460BF004FCC0
:102CF0003949814628460BF0FFFB37498046284674
:102D00000BF0FAFB0746002C3FD0BAF1000F3CD085
:102D1000B9F1000F39D0B8F1000F36D0A8B3204672
:102D200009F021FD0446504609F01AFD4846B0EE70
:102D3000408B09F015FD4046B0EE409B09F010FDB8
:102D40003846B0EE40AB09F00EFD0B2C07463FF6BF
:102D50007CAF9FED31BAAC4204D0B0EE4B0AE8B282
:102D6000FEF77EF801350C2DF5D13946B7EECA1BBA
:102D7000F7EEC90BE0B2B7EEC80BFEF715F9224625
:102D800026490220FEF78AF91BE725495EE7254917
:102D90002046FDF7A5FA00284AD10F490BF0ACFBFD
:102DA00068B109F0DDFCB7EEC08BB0EE480AFEF763
:102DB000E3F8B7EEC87A1C4953EC172B60E71B49C0
:102DC00044E700BF6D31002486310024883100249F
:102DD0007431002413008000C52A01081321010862
:102DE000182101081D2401081F21010835210108AF
:102DF0004A210108662101086F2101088721010885
:102E0000A1210108AA210108C1210108C821010846
:102E1000DE210108F521010800000000FF21010862
:102E200019220108552201085E22010876220108B4
:102E3000A7492046FDF754FA054680BBA549002066
:102E40000BF05AFB0446A34900200BF055FB074644
:102E50001CB310B300222046DFED9F8A11460AF012
:102E600043FB04463846012709F07AFCB7EEC08BD5
:102E700007FA05F3E8B20135234214BFB0EE480A61
:102E8000B0EE680AFDF7ECFF0C2DF1D1B7EEC88A61
:102E9000224692498DED008BD3E69149D6E69149C1
:102EA0002046FDF71DFA18B9FEF794F88E49F7E6AB
:102EB0008E492046FDF714FA70B986490BF01CFBC9
:102EC00008B98B49E1E609F04EFC07283FF6FAAE57
:102ED000C0B200F0A1FF74E686492046FDF700FA73
:102EE00000283FF4DAAE84492046FDF7F9F958B9D5
:102EF00078490BF001FB00287FF4DFAE7F49C4E680
:102F0000C0B201F071F85CE67D492046FDF7E8F9B2
:102F10000546002854D16F490BF0EEFA6D4904467E
:102F200028460BF0E9FA6B49804628460BF0E4FA94
:102F30006849074628460BF0DFFA0546002C3FF4A7
:102F400040AEB8F1000F3FF43CAE002F3FF439AE75
:102F500000283FF436AE204609F005FC0446404602
:102F600009F0FEFB3846B0EE408B09F0F9FB28462D
:102F7000B0EE409B09F0F4FB022C3FF622AE614B11
:102F8000B7EEC88BB7EEC99B5F49B7EEC00B03EB3A
:102F90008402022082ED008AB7EEC88A82ED039A8D
:102FA000B7EEC99A82ED060AB7EEC00A22468DED49
:102FB000040B8DED029B8DED008BFEF76FF800E6A4
:102FC00052492046FDF78CF900283FF4FAAD5049EC
:102FD0002046FDF785F90546E0B93E490BF08CFA2D
:102FE00078B94C4C02204C49FEF758F894F851300F
:102FF00013B1E8B200F088FF0135C034052DF5D1DA
:10300000DFE509F0B0FB07283FF65CAEC0B200F088
:103010007BFFD6E541492046FDF762F910B901F082
:1030200057F8CEE53E492046FDF75AF910B901F0B0
:1030300055F8C6E53B492046FDF752F998B92549B0
:10304000394C0BF059FA40B109F08DFB40F2DE33F8
:10305000A0F10A029A4298BF20600122334B344902
:103060001A7022688DE633492046FDF739F918B900
:103070002E4B3149187013E630492046FDF730F9E0
:1030800010B9FEF7E1FD9CE52D492046FDF728F932
:1030900010B9FEF72DFE94E52A492046FDF720F9E8
:1030A000054600285CD142F2D84227490220FDF7AC
:1030B000F5FF0122254B42F2D84125481A70254BD5
:1030C0001D60254B19606423244907F0F6FC78E560
:1030D00090220108C52A0108000000009B22010877
:1030E000B3220108D6220108E0220108F4220108D7
:1030F000FD220108152301081F23010828230108C8
:1031000040230108040000244C230108692301081E
:1031100075230108805800247F230108A323010898
:10312000AC230108B5230108B40000246C3100244D
:10313000C2230108E9230108F52301080E24010830
:1031400009240108172401086F200108D85700241A
:10315000C0610024FC320024F8320024D02A010887
:103160001E492046FDF7BCF8054650BB1C490BF034
:10317000C3F91B49804628460BF0BEF9184907469B
:1031800028460BF0B9F90446B8F1000F17D0B7B1D3
:10319000A8B1404609F0E4FA3846B7EEC08B09F012
:1031A000DFFAF7EEC08B204609F0DAFAB7EEC01B63
:1031B000B0EE480AF0EE680AFEF7AEFD01E50949F7
:1031C00044E5094922460020FDF768FF074967E505
:1031D00006B0BDEC088BBDE8F08700BF22240108D3
:1031E000C52A01082D240108472401085F2401088D
:1031F0000449002008B5FDF751FF4FF4FA7001F0C3
:1032000071FDFAE78324010830B59DB04C220021FE
:1032100009A80BF047F92022002101A80BF042F980
:10322000022003F0EFFB00230093224BDA6A22F026
:103230000102DA62DB6A03F0010300931E4B9A6914
:1032400042F440429A619A6902F440420092009A24
:103250009A699404FCD54FF48033012102240C2098
:1032600040251494CDE909130423CDE91734002334
:10327000CDE9190309A81B93CDE91244CDE91554F2
:1032800003F06AFE08B1FFF7B3FF03233F22039068
:10329000214601A80695CDE901230823CDE904358F
:1032A0004FF48063CDE9073504F0A0F90028EAD196
:1032B0001DB030BD0004005800480258F0B587B07A
:1032C00000211022052402A80BF0ECF801F092FD79
:1032D0000123002202A8ADF8083048F21F73CDE99F
:1032E000032340F20113059301F0A2FD042001F035
:1032F0008FFD01F0B7FCFFF787FFFDF723FFFDF718
:10330000FDFE00F021FF01F045FA01F0B9FA01F0ED
:103310000BFB01F05FFB01F08FFB00F03BFA09F0C3
:1033200033F801F037F9564806F0E6F9FFF7C6F82A
:103330004FF4FA7001F0D6FC00F022FC0A2001F0F4
:10334000D1FC013CF8D101224E494F4807F020FD45
:1033500021464E4806F0C0FC04214C4806F0BCFC57
:1033600008214A4806F0B8FC0C21484806F0B4FC95
:103370002146474806F0B0FC0421454806F0ACFC65
:103380000821434806F0A8FC0C21414806F0A4FCA3
:103390002146404806F0A0FC04213E4806F09CFC73
:1033A00008213C4806F098FC0C213A4806F094FCB1
:1033B00022460121362001F0C9FC362001F0F8FC3C
:1033C000224602210B2001F0C1FC0B2001F0F0FC91
:1033D000224602210C2001F0B9FC0C2001F0E8FC8F
:1033E0002D4FFDF7DBFD2D4902202D4DFDF756FE3B
:1033F0002C4902202C4CFDF751FE2C490220FDF7F0
:103400004DFE08230C222A490220FDF747FE2949D8
:103410000220FDF743FEFFF7FFF80A2304222649A6
:10342000194807F04AFB01F057FC244B186001F0E3
:1034300053FC234B18600026FFF7E8FAFFF784FBE4
:10344000FFF7D4F9FFF7E0F8FDF7D0FD00F098FBA7
:103450003B78002BF0D02B683E700133632B2B6040
:10346000EAD92E60A28AB4F90C30B4F90E10B4F97E
:103470001000CDE9001013490220FDF70FFEDAE736
:10348000FC5F002484310024C0610024E06000243B
:103490009460002448600024C83200245C250108A0
:1034A00068310024AA240108C9320024D524010867
:1034B000FE240108322501084A1E0108803100243B
:1034C0007C3100245F25010800B58FB03422002133
:1034D00001A80AF0E7FF06234FF0FF326946009388
:1034E0004FF480730348069303F0E4FB0FB05DF8DC
:1034F00004FB00BFDC5700242DE9F04194B01546D1
:103500004FF4807804460E463822002106A80AF0BF
:10351000C9FF1822002168460AF0C4FF4FF08077E7
:10352000FFF7D2FF45454FF00203079428BF4546F9
:10353000002406934FF48063109506A91A4D4FF0AE
:10354000FF320B9428461394CDE90C834FF40053BB
:10355000CDE90E470993CDE9114403F0ABFB3146A9
:103560004FF0FF32284603F0E9FB012310224FF40D
:10357000800101932846009404940B941394CDE9A0
:1035800002230522CDE90F73CDE905124FF0FF3379
:103590006A4606A9CDE90C84CDE9114403F08AFC02
:1035A00014B0BDE8F08100BFDC57002400B591B035
:1035B0003422002103A80AF075FF00234FF0807029
:1035C0004FF0FF32ADF8043002A98DF806309F238A
:1035D00002934FF4807308930323CDE90B030E4845
:1035E00003F068FB20B14FF0FF3011B05DF804FB31
:1035F0004FF0FF3201A9084803F0FCFB0028F2D18C
:103600009DF805009DF80430000240EA03409DF853
:1036100006301843E9E700BFDC57002408B5FFF780
:10362000C5FF012008BD000030B59FB03822002141
:10363000044602A8234D0AF035FF6FF30B04FFF791
:1036400043FF20234FF4807C039402934FF4806364
:1036500000244FF0FF3202A91A4807940F94CDE9D5
:1036600008C34FF40053CDE90A440593CDE90D4456
:1036700003F020FB3422002111A80AF013FF0523D8
:103680004FF080704FF0FF3210934FF4807310A909
:103690008DF8074016930123CDE91903094803F07B
:1036A00009FB0028E6D14FF0FF320DF10701284653
:1036B00003F0A0FB0028DDD19DF80730DB07D9D44B
:1036C0001FB030BDDC5700240AB1FFF715BF7047AB
:1036D0002DE9F04722F0FF0805460F4614465FFA31
:1036E00082F980440646A1EB000A46450BD1B9F1A8
:1036F000000F12D024F0FF044A4639196019BDE8C2
:10370000F047FFF7E1BF0AEB060130464FF4807245
:1037100006F58076FFF7F0FEE7E7BDE8F0870000EA
:1037200070B58EB01446064630220D4602A8002120
:103730000AF0B8FE03234FF4807142F21072009336
:103740004FF4806310480196CDE906134FF40053FF
:10375000694603934FF08073CDE9093403F0AAFA68
:10376000044628B109490020FDF798FC0EB070BD51
:1037700042F210722946044803F03CFB0028F5D0C1
:1037800003492046F0E700BFDC5700247A250108F2
:103790009225010808B50B4808230B4A0121C0E90E
:1037A000002300231722C0E90213C0E90423C0E963
:1037B0000633036203F032FA18B1BDE80840FFF7A0
:1037C00017BD08BDDC57002400500052F0B514228C
:1037D000BBB0044600210DEB02000AF063FEC022DC
:1037E00000210AA80AF05EFE2268364B9A4267D191
:1037F0004FF0007200230AA8CDE90A2304F04EF925
:1038000008B1FFF7F5FC304B022500240926D3F858
:10381000D420042705A92D4842F48042C3F8D420BF
:10382000D3F8D42002F480420192019AD3F8E02028
:1038300042F01002C3F8E020D3F8E02002F01002BA
:103840000292029AD3F8E02042F00202C3F8E0208C
:10385000D3F8E02002F002020392039AD3F8E020AA
:1038600042F00802C3F8E020D3F8E030099603F0F4
:1038700008030493049BCDE90575CDE9074402F0E4
:1038800073FA05A912480996CDE90575CDE90744F3
:1038900002F06AFA4FF4605305A90E480996CDE983
:1038A0000535CDE9074402F05FFA402305A9084831
:1038B000CDE905350A23CDE90744099302F054FA0E
:1038C0003BB0F0BD005000520044025800100258B6
:1038D00000040258000C025801890022406802F0DE
:1038E00031BB01890122406802F02CBB2DE9F04F69
:1038F0004E4F4FF00009DFF83CB14FF000083C4656
:103900003D46DFF844A185B049490220FDF7C6FBDA
:1039100007230026C4F82480204684F853304FF053
:103920007E5384F851606364A364E364C023C4F8E5
:10393000288003FB095309F10109C4F82C80C4F85D
:103940003880C4F83C80C4F8408084F85060C4E9F2
:1039500000BAC4E9156683F86060FFF7C2FFB9F1E9
:10396000080F666604F1C004D2D10123A5F848927D
:10397000DFF8D88032202B810223DFF8D490A5F81D
:10398000C8300423A5F888311023A5F80833202374
:10399000A5F8C8334023A5F888348023A5F8483516
:1039A00001F0A0F9234DF0233846ADF808304FF66A
:1039B000FF73ADF80C30FFF78FFF642303AA02A951
:1039C00028460093022305F0FBF804463846FFF72B
:1039D00088FF24BB9DF80C309DF80D201340FF2B71
:1039E0001DD0012332464946022087F85130013666
:1039F000FDF754FB0A20C03701F074F9052ED2D12F
:103A000000230D4A0D49022013700D4A13700D4A10
:103A10001370324605B0BDE8F04FFDF73FBB002301
:103A200032464146012087F85130E0E780580024B3
:103A3000371A0108705F002435580024F725010863
:103A4000345800242C58002400080258DE250108B0
:103A5000AA25010802682DE9F8433F4B9A4279D123
:103A60003E4D2B78FF2B75D0DFF81091BFF34F8FB1
:103A70003B4BC3F85C92BFF34F8FBFF36F8F287837
:103A80004FF0C008374EC7B200EB400006EB801085
:103A9000FFF727FF2C78344A08FB0464DFED335A24
:103AA00008FB076694F8533094ED095A072B28BF9A
:103AB000072302EBC302B9F80330DBBAD2ED016A87
:103AC00092ED006A07EE103AB9F80530DBBAB8EEAD
:103AD000C77A07EE903AB9F8013027EE067AF8EE89
:103AE000E77ADBBA27EE257A67EEA67A06EE903AF9
:103AF000F8EEE66A67EEA57A66EE866A9FED1C6AC6
:103B000066EEA56AE5EE066AC4ED096AD4ED0A6AB6
:103B1000A6EE867A84ED0A7A94ED0B7AE7EE067AC1
:103B2000C4ED0B7A01F0D8F8636D124A013360637B
:103B30006365002386F86030137005222B7801330B
:103B4000B3FBF2F202EB82029B1A0B4ADBB2137058
:103B5000FF232B70BDE8F88300300140B80000243B
:103B600000ED00E080580024582B01089A99993EF6
:103B70003333333F35580024345800244058002450
:103B80002DE9F04FDFF88CA285B001F0A5F80646CC
:103B90009AF8004014BB904D3F27904EDFF84C82BE
:103BA00095F8513063B128463780FFF795FE0A2318
:103BB00002228A49404604F0E9FE2846FFF791FEBA
:103BC0000134C035052CEBD101F086F8844B186028
:103BD00001238AF8003005B0BDE8F08F804B1B68E8
:103BE000C31A022BF7D9DFF810827B4C98F800300B
:103BF0007C4D33B32B78C02707FB034393F8603029
:103C0000012B1ED02A7800202B78774907FB03432D
:103C100093F86030FDF742FA744805F07FFA28788F
:103C200000EB400004EB8010FFF75BFE2B780022D6
:103C300007FB034383F8602088F80020FF226C4BC9
:103C40001A7098F80030CBB92F7898F80030FFB28E
:103C500003F0FF0202928BB94FF0C00909FB07493C
:103C600099F85130002B71D12B7805220133B3FB29
:103C7000F2F202EB82029B1ADBB22B705D4A594DC5
:103C80001368F31AB3F5FA7F0AD95B4B022016606A
:103C90001B782A78594900929AF80020FDF7FEF91E
:103CA0002F78C0235FFA87F803FB074797F8603047
:103CB000012B23D17B6EF31A052B1FD92A78002004
:103CC0004F4908EB4808FDF7E9F9484805F026FA9E
:103CD00004EB8810FFF705FE0023474A87F86030A1
:103CE0001370FF22424B1A7005222B780133B3FB6D
:103CF000F2F202EB82029B1ADBB22B709AF80030D0
:103D0000002B3FF468AF364B1B68F61AC82E7FF6BF
:103D100062AF3C490120FDF7C1F90023364A8AF819
:103D200000301370FF2284F86030304884F820316E
:103D300084F8E03184F8A03284F860332B702C4B87
:103D40001A7005B0BDE8F04F05F0E8B907EB47037E
:103D5000DFF888B004EB831303934F23ABF80030F4
:103D6000BFF34F8F284BC3F868B2BFF34F8FBFF339
:103D70006F8F264ABFF34F8FC3F85C22BFF34F8F7C
:103D8000BFF36F8F0398FFF7A7FD594607231F4A1C
:103D90001648DFF85CB005F0BBF880B10398FFF778
:103DA000A0FD3A461A490298FDF778F9029B89F876
:103DB000603088F80030FF238BF8003054E701258D
:103DC00089F8605000F088FF88F80050C9F8640056
:103DD0008BF8007052E700BF805800246058002420
:103DE00030580024345800241F260108705F002436
:103DF000B8000024285800243558002487260108DC
:103E0000BA260108D526010800ED00E0405800243C
:103E1000662601082C5800240728034670B588B090
:103E200069D8364DC02404FB005494F85100002892
:103E30005FD003EB4303642605EB83153F2328463D
:103E4000ADF80830FFF748FD03AA02A902232C4869
:103E5000009604F0B5FE2846FFF743FD032000F06E
:103E600041FF4F23284604930023ADF814308DF80A
:103E70001630FFF731FD072306AA04A92048009653
:103E800004F09EFE2846FFF72CFDBDF81B3094F889
:103E90005320DBBA072A07EE103ABDF81D3028BFC1
:103EA0000722DBBAB8EEC77A07EE903A154B03EB60
:103EB000C203F8EEE77A93ED006AD3ED015ABDF83C
:103EC000193027EE067A67EEA57ADBBA84ED0A7A16
:103ED00006EE903AC4ED0B7AF8EEE66A66EE866A74
:103EE000C4ED096A00F0F8FE636D606301200133E0
:103EF000636508B070BD0020FBE700BF8058002458
:103F0000705F0024582B01080728F0B504462DEDFA
:103F1000048B85B059D82F4DC026224606FB00568B
:103F200096F8510038B92C4905B0BDEC048BBDE8BA
:103F3000F040FDF7B3B89FED298A142728490220E5
:103F4000F0EE488AFDF7AAF8B0EE489A2046FFF74F
:103F500063FF58B1D6ED097A39EE279AD6ED0A7A81
:103F600078EEA78AD6ED0B7A38EE278A322000F059
:103F7000B9FE013FEAD1F3EE047AC023F1EE688A7C
:103F80000122B1EE499A03FB0453B1EE488A154968
:103F900088EEA77A83F850200220C9EE275A88EECF
:103FA000276A83ED0F7AB7EEC77AC3ED0E5A83ED19
:103FB000106AB7EEC66A8DED007BB7EEE57A8DED3F
:103FC000026B53EC172BFDF769F805B0BDEC048BC1
:103FD000F0BD00BF80580024FB260108000000004F
:103FE000152701083027010810B52DED048B88B086
:103FF0000446FFF711FF60B1C022204B02FB0433DF
:1040000093F850204AB922461D490220FDF746F890
:10401000012008B0BDEC048B10BD93ED097AD3EDFF
:104020000E7A37EE278A93ED0A7AD3ED0F7A77EE80
:10403000278A93ED0B7AD3ED107A28EEA80A37EE93
:10404000279AA8EE080AA9EE090A0CF079FFB7EE44
:10405000E87AB7EEC00A2246B7EEC99A0949B7EE28
:10406000C88A02208DED060B8DED049B8DED027B41
:104070008DED008BFDF712F8CAE700BF80580024D1
:10408000552701088527010807289FBF044BC02238
:1040900002FB003393F8510088BF0020704700BF37
:1040A0008058002437B50022074C134694F851502D
:1040B00005B101330132C034052AF7D10092034A19
:1040C0000AF018F903B030BD80580024CC2701084D
:1040D00001490220FCF7E2BFE5270108014902205F
:1040E000FCF7DCBF11280108026838B5104B9A4272
:1040F0001DD1104C10492278D0F884300020FCF7F4
:10410000CDFF0E4D2378C0220D4802FB0353002241
:1041100083F860200B4B1A7005F000F8207800EB54
:10412000400005EB8010BDE83840FFF7DABB38BD32
:1041300000300140345800243F28010880580024F2
:10414000705F00243558002408B514484FF48003EC
:10415000134A4FF08061C0E9002300230722C0E921
:1041600002324FF00052C0E90433C0E90612C0E940
:104170000833C0E90A33C0E90D33C0E90F33C0E9A1
:104180001133C0E91333C0E9153304F05BFB18B1F8
:10419000BDE80840FFF72CB808BD00BF705F0024E1
:1041A00000300140F0B51422BBB0064600210DEBF3
:1041B00002000AF077F9C02200210AA80AF072F979
:1041C0003268574B9A4240F0A9804FF48052002346
:1041D0000AA8CDE90A2303F061FC08B1FFF708F84B
:1041E000504B002505240227D3F8F02005A94E489E
:1041F00042F48052C3F8F020D3F8F02002F4805249
:104200000192019AD3F8E02042F00102C3F8E020C5
:10421000D3F8E02002F001020292029AD3F8E020E3
:1042200042F00802C3F8E020D3F8E02002F00802D0
:104230000392039AD3F8E02042F00202C3F8E02090
:10424000D3F8E030099403F002030493049B202385
:10425000CDE90755CDE9053701F086FD802305A995
:1042600032480994CDE90537CDE9075501F07CFDC9
:1042700010232F4805A909942E4CCDE90537CDE927
:10428000075501F071FD2C482523C4E900034FF4C4
:1042900080632046C4E904354FF40033C4E9025575
:1042A000C4E90655C4E9083500F064FF08B1FEF71B
:1042B0009FFF224A2623F4674021A663204CC4E9CD
:1042C000002300234FF480622046C4E904234FF406
:1042D0000032C4E90213C4E90633C4E9082300F03C
:1042E00049FF08B1FEF784FF00222320B46711467E
:1042F000A66300F02BFD232000F05AFD00220221CE
:104300000B2000F023FD0B2000F052FD0C200022BA
:10431000022100F01BFD0C2000F04AFD3BB0F0BD77
:10432000003001400044025800000258000C0258BE
:1043300000040258F85E00241000024028000240E9
:10434000805E0024074B82B0D3F8F42042F00202D2
:10435000C3F8F420D3F8F43003F002030193019B77
:1043600002B0704700440258FEE7FEE7FEE7FEE7B2
:10437000FEE770477047704700F0A2BC014801F0AB
:1043800021BB00BFF85E0024014801F01BBB00BF49
:10439000805E0024014804F095BF00BF705F0024D8
:1043A000014805F061BD00BFC061002408B5074B9E
:1043B0001B68DA69920603D5586AC0B2FEF730F876
:1043C0000248BDE8084005F04FBD00BF2C61002445
:1043D000014805F0D3B900BFFC5F0024014801F09B
:1043E00071BF00BF4C6700240120704708B50AF078
:1043F00029F9162303604FF0FF3008BD08B50AF015
:1044000021F916230360FEE770B50D4614460E46EB
:10441000731B9C4201DC204670BDAFF3008006F8A0
:10442000010BF5E770B50D4614460E46731B9C4212
:1044300001DC204670BD16F8010BAFF30080F5E7F4
:104440004FF0FF3070474FF4005300204B6070472F
:1044500001207047002070470B4A0346116810B5D1
:1044600009B90A491160106809490A4C0344091B3B
:104470008B4206D90AF0E6F80C2303604FF0FF30B8
:1044800010BD1360FCE700BFF85F0024806D0024BE
:1044900000000824000400002E4AD2F8883043F4BB
:1044A0007003C2F888302C4A136803F00F03062B00
:1044B00005D8136823F00F0343F007031360274B5D
:1044C0001A6842F001021A6000221A61244A19682F
:1044D0000A4021491A600A68100705D50A6822F0C7
:1044E0000F0242F007020A6000221E499A61DA6157
:1044F0001A6299621C49D9621C4919635A6399630B
:10450000DA6319645A64196821F4802119601A6603
:10451000174B1B686FF30F03B3F1005F03D2154B0A
:104520000122C3F808210D4BD3F8D420D2040FD4B4
:10453000D3F8D42043F2D20142F48052C3F8D420FD
:104540000D4A1160D3F8D42022F48052C3F8D4204D
:10455000704700BF00ED00E0002000520044025808
:104560007FEDF6EA000202020000FF018002010175
:104570000010005C0080005100400052044BDA68DB
:1045800042F00202DA605A689204FCD5704700BF1C
:10459000004802581FB50F481F230F4A0024C0E9E6
:1045A000002340F2E73303948460C3608023CDE9A5
:1045B0000144836105F0D6F908B1FEF719FE01A99F
:1045C00004480194039405F089FB08B1FEF710FE3E
:1045D00004B010BDFC5F002400100040036884B0EC
:1045E000194A93420ED1194BD3F8F02042F0010240
:1045F000C3F8F020D3F8F03003F001030193019BDE
:1046000004B07047B3F1804F0DD1104BD3F8E820C0
:1046100042F00102C3F8E820D3F8E83003F00103C8
:104620000293029BECE70A4A9342E9D1074BD3F885
:10463000E82042F00202C3F8E820D3F8E83003F0A3
:1046400002030393039BDBE7000001400044025890
:10465000000400400F4B07B502689A4217D10E4B79
:1046600002213620D3F8E82042F01002C3F8E820F7
:104670000022D3F8E83003F010030193019B00F00F
:1046800065FB362003B05DF804EB00F091BB03B08E
:104690005DF804FB00100040004402581422002181
:1046A00010B58AB004460DEB020009F0FBFE23684A
:1046B000324A934219D1324B4FF4D4413148D3F8A6
:1046C000E02042F01002C3F8E020D3F8E03003F01D
:1046D00010030193019B0223CDE90513012305A9D2
:1046E000099301F041FB0AB010BDB3F1804F15D121
:1046F000234B05A92448D3F8E02042F00102C3F877
:10470000E0200F22D3F8E03003F001030293029B74
:104710000223CDE9052301230993E2E71B4A9342D3
:10472000E1D1174B022405A91748D3F8E02042F045
:104730000102C3F8E020D3F8E02002F00102039266
:10474000039AD3F8E02042F00202C3F8E020D3F845
:10475000E030099403F002030493049BC023CDE9E5
:10476000053401F001FB032305A909480994CDE9AB
:1047700005340023CDE90733B3E700BF0000014053
:104780000044025800100258000002580004004083
:104790000004025810B5002496B01C22214604A83B
:1047A0000394CDE9014409F07DFE2C2221460DEB56
:1047B000020009F077FE304840F28F132F4A8460E0
:1047C0004461C0E9002340F2E733C0E903348023A9
:1047D000836105F0F7F808B1FEF70AFD01A9264844
:1047E0000394CDE9014405F079FA08B1FEF700FD24
:1047F0000022602304A920480A92CDE90432CDE9C1
:104800000622CDE9082205F04DF908B1FEF7F0FCCB
:10481000042204A9184805F045F908B1FEF7E8FCA0
:10482000082204A9144805F03DF908B1FEF7E0FCA0
:104830000C2204A9104805F035F908B1FEF7D8FCA0
:1048400000234FF400520BA90B480F9312931593BA
:10485000CDE910234FF00072CDE90B33CDE90D33D4
:10486000CDE9132305F084FA08B1FEF7C1FC024834
:10487000FFF714FF16B010BDE060002400000140F7
:1048800010B500248AB01C22214603A80294CDE969
:10489000004409F007FE234840F28F134FF0804296
:1048A0008460C0E9002340F2E733C0E90334802389
:1048B000836105F087F808B1FEF79AFC694619484C
:1048C0000094029405F00AFA08B1FEF791FC002268
:1048D000602303A9134805920792CDE9033205F03E
:1048E000E1F808B1FEF784FC042203A90D4805F0A5
:1048F000D9F808B1FEF77CFC082203A9094805F0A5
:10490000D1F808B1FEF774FC0C2206480DEB020149
:1049100005F0C8F808B1FEF76BFC0248FFF7BEFED1
:104920000AB010BD9460002410B500248AB01C2287
:10493000214603A80294CDE9004409F0B3FD2348C1
:1049400040F28F13224A8460C0E9002340F2E7332B
:10495000C0E903348023836105F034F808B1FEF721
:1049600047FC694619480094029405F0B7F908B16C
:10497000FEF73EFC0022602303A91448059207922B
:10498000CDE9033205F08EF808B1FEF731FC0422C0
:1049900003A90E4805F086F808B1FEF729FC0822A5
:1049A00003A90A4805F07EF808B1FEF721FC0C22A5
:1049B00006480DEB020105F075F808B1FEF718FC8A
:1049C0000248FFF76BFE0AB010BD00BF486000242C
:1049D0000004004008B516484FF4E133154AC0E919
:1049E000002300230C22C0E902330361C0E9052340
:1049F000C0E90733C0E9093306F00FF908B1FEF743
:104A0000F7FB00210A4806F025FA08B1FEF7F0FB93
:104A10000021074806F03EFA08B1FEF7E9FB04481A
:104A200006F0FDF918B1BDE80840FEF7E1BB08BD8E
:104A3000C06100240044004008B516484FF4E1333B
:104A4000154AC0E9002300230C22C0E902330361A8
:104A5000C0E90523C0E90733C0E9093306F0DDF8F2
:104A600008B1FEF7C5FB00210A4806F0F3F908B1CA
:104A7000FEF7BEFB0021074806F00CFA08B1FEF76E
:104A8000B7FB044806F0CBF918B1BDE80840FEF7C3
:104A9000AFBB08BD2C6100240048004010B51422B3
:104AA000BAB0044600210DEB020009F0FBFCC02265
:104AB00000210AA809F0F6FC23683C4A934239D148
:104AC000022200230AA8CDE90A2302F0E7FF08B179
:104AD000FEF78EFB364B602100243648D3F8E820E1
:104AE00042F40032C3F8E820D3F8E82002F40032A0
:104AF0000192019AD3F8E02042F00802C3F8E020C6
:104B0000D3F8E03003F008030293029B0223CDE9BF
:104B10000513072305A90993CDE9074401F024F9FA
:104B200026202246214600F011F9262000F040F907
:104B30003AB010BD204A9342FAD1022200230AA8BB
:104B4000CDE90A2302F0AAFF08B1FEF751FB184B8A
:104B5000002405A91948D3F8E82042F48022C3F8BC
:104B6000E820D3F8E82002F480220392039AD3F8D5
:104B7000E02042F00202C3F8E0204FF44062D3F894
:104B8000E03003F002030493049B0223CDE90523E4
:104B90000723CDE90744099301F0E6F827202246D0
:104BA000214600F0D3F82720C0E700BF00440040B2
:104BB00000440258000C025800480040000402580B
:104BC000DFF838D0FFF7DAFCFFF766FC0C480D4938
:104BD0000D4A002302E0D458C4500433C4188C4258
:104BE000F9D30A4A0A4C002301E013600432A242BE
:104BF000FBD309F02DFDFEF761FB70470000082490
:104C000000000024A8030024E8310108C0030024A8
:104C10007C6D0024FEE7000038B50F4B05461A787E
:104C20000AB9012038BD4FF47A73B3FBF2F30B4A93
:104C30001068B0FBF3F000F0C9F804460028F0D18A
:104C40000F2DEED8024629464FF0FF3000F07EF8D7
:104C5000034B20461D60E5E7C4000024C00000248B
:104C6000C800002410B5032000F05EF802F01CFC20
:104C70000F49104A8B69C3F30323D35C03F01F036E
:104C8000D8408B6903F00F03D35C0B4A03F01F037A
:104C900020FA03F31360094B18600F20FFF7BCFFE5
:104CA000044618B9FFF74EFB204610BD0124FBE770
:104CB00000440258982B0108BC000024C0000024C6
:104CC000034A044B11681B780B441360704700BF04
:104CD00054620024C4000024014B1868704700BFD0
:104CE0005462002438B50446FFF7F6FF0546631CFE
:104CF0001EBF044B1B78E418FFF7EEFF431BA342D3
:104D0000FAD338BDC4000024014B1868000C70476A
:104D10000010005C034A536823EA00030B4353600E
:104D2000704700BF0004005807490302CA6803F433
:104D3000E06322F4E0621204120C134343F0BF63F9
:104D400043F40033CB60704700ED00E0164B30B504
:104D5000DC68C4F30224C4F10703251D042B28BF1B
:104D60000423062D4FF0FF358CBF033C002405FAC9
:104D700003F3002805FA04F521EA030322EA0502F9
:104D800003FA04F343EA02034FEA0313DBB206DB40
:104D900000F1604000F5614080F8003330BD00F064
:104DA0000F00024A1354F9E700ED00E014ED00E0B3
:104DB000002807DB0123410900F01F00024A83405D
:104DC00042F82130704700BF00E100E00138B0F147
:104DD000807F0BD24FF0E023054AF021586100207C
:104DE00082F82310072298611A61704701207047EA
:104DF00000ED00E0BFF35F8F044B5A6A22F480326B
:104E00005A620022C3F89420704700BF00ED00E012
:104E1000064B40F00100C3F894005A6A42F4803215
:104E20005A62BFF34F8FBFF36F8F704700ED00E002
:104E30004378144AC2F89830D2F8A03023F0010326
:104E4000C2F8A0304368C2F89C30C37A017B1B06CD
:104E500043EA017301780B43817A43EAC143417B02
:104E600043EA8143817B43EA4143C17B43EA0143F7
:104E7000417A43EA0123017A43EA4103C2F8A030B0
:104E8000704700BF00ED00E0F0B5DFF844C10468F2
:104E9000876D644545D04C4DAC4242D01835AC428C
:104EA0003FD01835AC423CD01835AC4239D018351B
:104EB000AC4236D01835AC4233D01835AC4230D085
:104EC00005F55675AC422CD01835AC4229D01835B2
:104ED000AC4226D01835AC4223D01835AC4220D095
:104EE0001835AC421DD01835AC421AD01835AC423A
:104EF00017D0364DAC4214D01435AC4211D0143515
:104F0000AC420ED01435AC420BD01435AC4208D0B4
:104F10001435AC4205D01435AC4202D01435AC4245
:104F200048D1D0E919566E60C56E15B1D0E91C564E
:104F30006E606445C56D86682DD0234884422AD0B2
:104F40001830844227D01830844224D0183084424C
:104F500021D0183084421ED0183084421BD0183023
:104F6000844218D000F55670844214D01830844220
:104F700011D0183084420ED0183084420BD0183033
:104F8000844208D01830844205D01830844202D0C0
:104F9000183084420FD13F2005F01F0500FA05F5B7
:104FA000BD60206820F480202060402E636008D11E
:104FB000A260E160F0BD05F01F050120A840786007
:104FC000F3E7A160E260F5E72800024008540258C8
:104FD000100002400368024623498B4210B531D0CD
:104FE00018318B422ED018318B422BD018318B4286
:104FF00028D018318B4225D018318B4222D018315D
:105000008B421FD018318B421CD001F556718B4258
:1050100018D018318B4215D018318B4212D018316C
:105020008B420FD018318B420CD018318B4209D0F3
:1050300018318B4206D018318B4203D023F0FF0089
:10504000906510BDDCB218210848103CB4FBF1F1AA
:1050500001F007015F2C415C23F47F7020F0030016
:10506000D16588BF0430EBE710000240A82B01088F
:1050700002682049D3B28A4228D014318A4225D00E
:1050800014318A4222D014318A421FD014318A420C
:105090001CD014318A4219D014318A4216D01431EE
:1050A0008A4213D01821103BB3FBF1F3124911448B
:1050B000A8291CD903F18052012103F01F0302F536
:1050C000024201FA03F30D4992000CE01422083B5E
:1050D0000121B3FBF2F303F1B05201FA03F30849E3
:1050E00002F5164292008366C0E918217047083322
:1050F000E0E700BF08540258F0FBFDBF8008024003
:10510000805802580279511E072910B521D803682A
:10511000134CA3421ED01434A3421BD01434A34218
:1051200018D01434A34215D01434A34212D014342E
:10513000A3420FD01434A3420CD01434A34209D09C
:10514000084B1344084A9B00C0E91B3201238B40E3
:10515000436710BD054B1344054A9B00F4E700BFAD
:10516000085402583F820010400902403F96001642
:1051700040590258F8B50446FFF7AEFD0646002C2C
:1051800000F0A98023686F4DAB4264D06E4A934211
:1051900061D0183293425ED0183293425BD01832FD
:1051A000934258D01832934255D01832934252D07D
:1051B000183293424FD002F5567293424BD01832B8
:1051C000934248D01832934245D01832934242D08D
:1051D000183293423FD0183293423CD01832934257
:1051E00039D01832934236D0584A934240F02F813A
:1051F000022284F83520002284F83420A26818683E
:10520000402A6FF3101000F04081A2F180014A4261
:105210004A419203D4E90316314366693143A669D2
:105220003143E6693143266A40EA161040EAD1016B
:1052300020460A431A60464A1A441423B2FBF3F28A
:105240009200E265FFF7C6FEE36D03F01F02012343
:105250009340436092E0022284F83520002284F8D3
:1052600034201A6822F001021A6022681368DB07F2
:1052700027D413683748A1691840D4E9023633436C
:105280002669334366693343E6690B433343266A31
:105290003343666A042E43EA000302BFD4E90B07D6
:1052A000384303432C4800686FF30F00B0F1005FF0
:1052B0001BD360682E2810D8282816D943F48013F1
:1052C00013E0FFF709FD801B0528CED92023636575
:1052D000032384F835300120F8BD3F38132804D863
:1052E0001E4F27FA00F0C707E8D41360042E536955
:1052F00023F0070343EA060336D1A06AE66A0343B4
:1053000096B339B9012815D030F002012CD1F00143
:105310002AD512E0B1F5005F22D1032824D801A1DB
:1053200051F820F03B5300080F5300083B5300088E
:1053300035530008B6F1C07F16D1402363650123C1
:10534000C7E700BF1000024028000240085402587E
:10535000F8ABFDA73F8010FE0010005C0F030F00AC
:105360000228EAD90328D2D053612046FFF732FE43
:10537000E36D03F01F023F23934083602368AB4239
:1053800045D0454A934242D0183293423FD018321A
:1053900093423CD01832934239D01832934236D0DF
:1053A0001832934233D01832934230D002F55672FD
:1053B00093422CD01832934229D01832934226D0EF
:1053C0001832934223D01832934220D0183293429D
:1053D0001DD0183293421AD01832934217D02F4A58
:1053E000934214D01432934211D0143293420ED00F
:1053F000143293420BD01432934208D014329342A9
:1054000005D01432934202D01432934219D120466F
:105410000025FFF72DFEA368226E802B04BF00231A
:1054200063606368D9B2013B1160072BD4E919218D
:1054300051602CD8FFF766FEE36E1D60D4E91C3284
:105440005A6000200123606584F8353044E7144A2F
:1054500093423FF4CDAE143293423FF4C9AE1432BE
:1054600093423FF4C5AE143293423FF4C1AE1432BE
:1054700093423FF4BDAE143293423FF4B9AE1432BE
:1054800093423FF4B5AE402321E71022C2E6C4E9BF
:105490001B556567D5E700BF280002400854025835
:1054A0001C54025870B50546002800F0DA8090F8C8
:1054B0003400012800F0D780012085F8340095F8E9
:1054C000350001284FF0000040F0C6800224674EEE
:1054D00085F835402C686865B4421ED06448844223
:1054E0001BD01830844218D01830844215D01830A0
:1054F000844212D0183084420FD0183084420CD02D
:105500001830844209D000F55670844205D0183016
:10551000844202D018308442FFD0206820F001007D
:1055200020602846FFF7B0FCB4422A6C53D0504BA1
:105530009C4250D018339C424DD018339C424AD0E4
:1055400018339C4247D018339C4244D018339C42B5
:1055500041D018339C423ED003F556739C423AD05A
:1055600018339C4237D018339C4234D018339C42B5
:1055700031D018339C422ED018339C422BD0183394
:105580009C4228D018339C4225D0236823F00E0378
:1055900043F00A032360002A54D1364B9C4225D0A5
:1055A000354B9C4222D014339C421FD014339C4272
:1055B0001CD014339C4219D014339C4216D014339F
:1055C0009C4213D014339C4210D02368002043F037
:1055D0000103236070BD236823F01E0343F016030C
:1055E00023601AB1236843F0080323602B6E1A6806
:1055F000D2032CD4EB6E1BB11A6842F480721A608D
:10560000B442E2D01A4B9C42DFD018339C42DCD02B
:1056100018339C42D9D018339C42D6D018339C42C0
:10562000D3D018339C42D0D018339C42CDD003F550
:1056300056739C42C9D018339C42C6D018339C4242
:10564000C3D0C2E7236843F004032360A5E71A68C8
:1056500042F480721A60CDE74FF4006385F834009D
:105660006B650120B6E70220B4E700BF10000240DE
:1056700028000240085402581C540258F8B5054648
:10568000FFF72AFB074645B195F83530022B06D0C7
:1056900080236B65002385F834300120F8BD2C6829
:1056A0007C4EB4425BD07C4B9C4258D018339C4219
:1056B00055D018339C4252D018339C424FD01833E7
:1056C0009C424CD018339C4249D018339C4246D05F
:1056D00003F556739C4242D018339C423FD0183396
:1056E0009C423CD018339C4239D018339C4236D06F
:1056F00018339C4233D018339C4230D018339C422C
:105700002DD0236823F00E032360644B9C422FD1DD
:105710002A6EB442136823F4807313603DD05E4B4D
:105720009C423AD018339C4237D018339C4234D034
:1057300018339C4231D018339C422ED018339C42EF
:105740002BD018339C4228D003F556739C4224D0AA
:1057500018339C4221D018339C421ED01DE0236890
:1057600023F01E032360636923F080036361CFE7A6
:105770004B4B9C42CCD014339C42C9D014339C4236
:10578000C6D014339C42C3D014339C42C0D01433CF
:105790009C42BDD014339C42BAD0236823F001034D
:1057A00023602368DB0747D42B68EA6DB342A86DFA
:1057B00002F01F024BD038498B4248D018318B423F
:1057C00045D018318B4242D018318B423FD018312E
:1057D0008B423CD018318B4239D018318B4236D0B5
:1057E00001F556718B4232D018318B422FD01831CF
:1057F0008B422CD018318B4229D018318B4226D0C5
:1058000018318B4223D018318B4220D018318B4273
:105810001DD0012101FA02F24260204A93421AD1BE
:10582000D5E919325A60EB6E5BBB0123002085F885
:10583000353085F8340031E7FFF74EFAC01B0528F4
:10584000AFD920236B65032385F8353022E73F234A
:1058500093408360E4E7124A9342E1D014329342CA
:10586000DED014329342DBD014329342D8D01432BB
:105870009342D5D014329342D2D014329342D4D131
:10588000CEE71A6822F480721A60D5E91C325A6099
:10589000CBE700BF10000240280002400854025825
:1058A0001C54025808B528B190F83530022B03D0AB
:1058B0008023436501205DE003683F4A934251D055
:1058C000183293424ED0183293424BD01832934242
:1058D00048D01832934245D01832934242D0183201
:1058E00093423FD0183293423CD002F55672934215
:1058F00038D01832934235D01832934232D0183211
:1059000093422FD0183293422CD01832934229D090
:105910001832934226D01832934223D01A6822F0CC
:105920000E021A601A6822F001021A60234A93429A
:1059300021D1026E136823F480731360D0E916132B
:1059400003F01F02012393404B60D0E919325A60E3
:10595000C36E2BB31A6822F480721A60D0E91C322D
:105960005A601DE0042280F835201A6822F00102F6
:105970001A60002008BD124A9342DAD014329342D2
:10598000D7D014329342D4D014329342D1D01432AF
:105990009342CED014329342CBD014329342C8D02B
:1059A000012380F83530002380F83430036D002B5C
:1059B000DFD09847DDE700BF1000024008540258CE
:1059C0001C54025800232DE9F34101930446844BF3
:1059D000844F1E680368856DBB42D5F80080D5F8FA
:1059E00000C047D0804A934244D01832934241D0FD
:1059F000183293423ED0183293423BD01832934231
:105A000038D01832934235D01832934232D002F552
:105A1000567293422ED0183293422BD018329342B2
:105A200028D01832934225D01832934222D018320F
:105A300093421FD0183293421CD01832934219D08F
:105A40006A4A934240F03681E16D04201A6801F001
:105A50001F01884010EA0C0F00F05381560740F1F7
:105A600050811104686040F14481D30300F1478103
:105A7000A36CA0E0E26D082102F01F02914011EA40
:105A8000080F0BD01868400708D5186820F00400EC
:105A90001860A960616D41F00101616528FA02F1A9
:105AA000C80709D55969090606D501219140A960A1
:105AB000616D41F0020161650421914011EA080F16
:105AC00007D01868800704D5A960616D41F0040112
:105AD0006165102101FA02F212EA080F0FD019686D
:105AE00009070CD5AA601A6850036CD51B68190306
:105AF00001D4236C00E0A36C0BB120469847E26D03
:105B0000202102F01F02914011EA080F7AD0236889
:105B1000BB422DD0344883422AD01830834227D04C
:105B20001830834224D01830834221D01830834269
:105B30001ED0183083421BD01830834218D000F595
:105B40005670834214D01830834211D018308342EB
:105B50000ED0183083420BD01830834208D0183052
:105B6000834205D01830834202D01830834232D1AC
:105B7000186810F0100F45D0A96094F8351004296A
:105B800036D1196821F016011960596921F0800198
:105B90005961216C09B9A16C19B1196821F008018A
:105BA00019603F239340AB60012384F83530002314
:105BB00084F83430236D002B00F09880204602B02A
:105BC000BDE8F04118471A68D20592D41A6822F04D
:105BD00008021A608DE7186810F0020FCBE700BFCB
:105BE000C00000241000024028000240085402585F
:105BF0001A68500343D51B6819034DD4636C0BB16D
:105C000020469847636D002B70D0636DDA074FD53F
:105C1000042384F835302368BB421ED04F4A934298
:105C20001BD01832934218D01832934215D0183234
:105C3000934212D0183293420FD0183293420CD0B4
:105C40001832934209D002F55672934205D01832A9
:105C5000934202D018329342FFD01A6822F0010218
:105C60001A604FF41652B6FBF2F6019A0132B242B4
:105C7000019213D91B68DB0714D4012313E01A68BF
:105C800012F4807208D1196821F010011960012303
:105C900084F8342084F83530E36BB0E71A68D7070E
:105CA000E3D4E7E7032384F83530002384F8343065
:105CB000E36C80E72A4A93423FF4C6AE1432934223
:105CC0003FF4C2AE143293423FF4BEAE143293425C
:105CD0003FF4BAAE143293423FF4B6AE143293425C
:105CE0003FF4B2AE143293423FF4AEAE02B0BDE820
:105CF000F081970603D41A6822F004021A60236C1C
:105D000059E70220884010EA0C0F16D0960714D5E8
:105D10006860100403D5D1030DD4636C4BE712F017
:105D2000200208D1196821F00A011960012384F8C2
:105D3000342084F83530E36B3DE70820884010EAD2
:105D40000C0FD3D01207D1D51A6822F00E021A60B8
:105D5000012303FA01F169606365A4E728000240AA
:105D60001C540258406D70472DE9F74F0023DFF8AF
:105D7000C4914FF0B0440A6832FA03F502D103B07F
:105D8000BDE8F08F012505FA03F818EA020200F0D9
:105D9000BB804E6803274FEA430E06F0030507FA5F
:105DA0000EFC6F1E6FEA0C0C012F34D8876807EACF
:105DB0000C0ACF6807FA0EF747EA0A0787604768B8
:105DC00027EA0808C6F300179F4047EA080747601C
:105DD000C768022D07EA0C088F6807FA0EF747EA32
:105DE0000807C76019D14FEAD30803F0070A4FF03C
:105DF0000F0B00EB88084FEA8A0AD8F820700BFADC
:105E00000AFB27EA0B0B0F6907FA0AF747EA0B07A9
:105E1000C8F8207001E0032DDAD1076805FA0EF505
:105E200016F4403F07EA0C0745EA070505606BD00A
:105E3000D9F8F45023F0030703F0030C4FF00F0ED2
:105E400045F0020507F1B0474FEA8C0CC9F8F45051
:105E500007F58067D9F8F4500EFA0CFE05F002053C
:105E60000195019DBD6825EA0E0E314DA8424DD029
:105E700005F58065A8424BD005F58065A84249D05C
:105E800005F58065A84247D005F58065A84245D054
:105E900005F58065A84243D005F58065A84241D04C
:105EA00005F58065A8423FD005F58065A8423DD044
:105EB00005F58065A84214BF0A25092505FA0CF5E9
:105EC00016F4801F45EA0E05BD606FEA02072568DB
:105ED0000CBF3D40154316F4001F256065680CBFDC
:105EE0003D40154316F4003F6560D4F884500CBF64
:105EF0003D401543F603C4F88450D4F8805054BF95
:105F00003D401543C4F88050013334E70025D5E700
:105F10000125D3E70225D1E70325CFE70425CDE707
:105F20000525CBE70625C9E70725C7E70825C5E707
:105F300000000258004402580369194214BF0120AE
:105F4000002070470AB1816170470904FBE7F7B58B
:105F50000446E0B190F8953403F0FF021BB980F8D5
:105F6000942406F0A9FA03232068251D84F89534AB
:105F700005F098F8237C8DF80030206895E80E0035
:105F800004F0CBFF014630B1022384F8953401259B
:105F9000284603B0F0BD206805F08AF80028F3D148
:105FA000267904F1140301270246C1B224338E423C
:105FB00020D8002104F515730A46C8B2243386425E
:105FC00026D8237C8DF80030206895E80E0005F077
:105FD000E9F805460028D7D10123607484F8953488
:105FE000237B012B02D1204600F0F7FC206805F04E
:105FF0001BFCCDE723F80A0C013003F8237C03F8DF
:10600000241C03F8202C43F8142C43E90722CCE786
:10601000013103F8232C03F8240C03F8202C43F857
:10602000142C43E90722C8E710B50446006894F829
:106030009434012B15D0012384F89434C3685B0693
:1060400006D5637B012B03D1836B43F480338363D9
:1060500005F022F8206805F0D9FB002084F89404AC
:1060600010BD0220FCE710B590F894240446012AE4
:106070000AD00122417480F89424006805F0B6FB30
:10608000002084F8940410BD0220FCE770B501F0F4
:106090000F0611F0800F05464FF0240006EBC604F2
:1060A0004FEA840420D004F1140100FB06500124BF
:1060B00029444475C2F30A020E700B718A604A7853
:1060C00002B14E83022B04BF00234B7195F8943428
:1060D000012B12D00123286885F8943405F025F9A6
:1060E000002085F8940470BD04F5157100FB06507E
:1060F0000024294480F85542DCE70220F3E710B57C
:10610000044601F00F0011F0800F4FF0240200EB65
:10611000C0034FEA830315D003F1140102FB0042D0
:10612000012321445375087094F89434012B12D044
:106130000123206884F8943405F036F9002084F8AF
:10614000940410BD03F5157102FB004200232144A5
:1061500082F85532E7E70220F3E770B501F00F054A
:106160002424164604FB050104FB050401F5157102
:1061700084F85452C4E998230023C4F8683284F8A0
:10618000553282790068012A08BFC4F8706205F0B0
:10619000B7F9002070BD70B501F00F052424164634
:1061A00004FB050104FB050414312575C4E908232B
:1061B0000023A36201236375827900689A4208BFB5
:1061C000266305F09DF9002070BD38B501F00F057C
:1061D00003790446AB422BD311F0800F4FF024001B
:1061E0001DD000FB0541012300FB05401431437520
:1061F00001230D708B7094F894249A421AD0206871
:1062000084F8943405F09EFA2DB904F29C42A179E9
:10621000206805F057FB002084F8940438BD00FB8B
:1062200001431A4603F51571002382F85532DFE762
:106230000120F3E70220F1E738B501F00F020379FE
:106240000446934229D302EBC20311F0800F4FF0B2
:1062500024004FEA830317D003F1140100FB02402E
:1062600001232144437500250A708D7094F89434FD
:10627000012B14D00123206884F8943405F08DFAA2
:10628000284684F8945438BD03F5157100FB02408C
:106290000023214480F85532E5E70120F3E702208E
:1062A000F1E701F00F030A0603EBC3034FEA830390
:1062B0004CBF03F1140103F515710144006805F0AA
:1062C000C9B800002DE9F04F066889B00446304691
:1062D00005F0E6FA0390002840F06F81206805F091
:1062E000B1FA002800F06981D6F8083806F5006593
:1062F0002068C3F30D23C4F8D43405F0A3FA87074C
:1063000004D52268536903F002035361206805F045
:1063100099FAC0062DD52268936923F01003936182
:10632000D6F8208008F4F01308F00F07B3F5802F9B
:1063300040F0468147F6F07318EA030F14D0242387
:10634000C8F30A19304603FB07474A46D7F86012DC
:1063500005F0D8F9D7F860324B44C7F86032D7F867
:1063600068324B44C7F868322268936943F01003DF
:106370009361206805F066FA010300F1348120681A
:1063800005F060FA42030DD5274606F5106B4FF075
:10639000000A206805F062FA0490049B2068002B34
:1063A00040F0EB81206805F04DFA002813DA6B68A5
:1063B00023F001036B6094F8CC34012B40F083820E
:1063C0000021204684F8CC1400F01AFB226853699F
:1063D00003F000435361206805F034FA03050AD541
:1063E000AB68DF0702D5204606F0F8F8226853694B
:1063F00003F400635361206805F024FA000114D50A
:1064000023685A6902F000625A6194F8CC24002A89
:1064100040F05D820121204684F8CC145B6DC3F30B
:106420008303C4F8D03400F0EBFA206805F00AFAD0
:10643000C10433D56B681021206823F001036B6021
:1064400004F064FE207906F510634FF67F31039A5D
:10645000904200F24082EB6943F00113EB61E37B71
:10646000002B00F05782D5F8843043F00B03C5F8B9
:1064700084306B6C43F00B036B64D6F8003804F285
:106480009C42206823F4FE63C6F80038A17905F029
:1064900019FA2268536903F480535361206805F0A8
:1064A000D1F9820416D5206805F0FEF9206804F0C1
:1064B00031FF2768E07101F0BFF9E2790146384603
:1064C00004F07AFD204606F076F82268536903F45A
:1064D00000535361206805F0B5F9030707D520463E
:1064E00006F065F82268536903F0080353612068D9
:1064F00005F0A8F9070600F11882206805F0A2F956
:10650000C0020CD5A04606F5126901272379BB42CB
:1065100000F224822268536903F4801353612068D7
:1065200005F090F981022BD594F804E0234606F596
:1065300032614FF0010CE6451DD993F87C72086872
:10654000012F40F02182002880F21E82D4F8D4244A
:1065500082EA1040C20700F1178283F87B72B069AB
:1065600040F08000B0617069000600F10D826B6838
:1065700043F400736B602268536903F400135361A2
:10658000206805F05FF9410007D5204606F04AF87B
:106590002268536903F080435361206805F052F983
:1065A00042070AD523685D686B0702D5204606F0CE
:1065B0003DF8226853682B43536009B0BDE8F08F63
:1065C000B3F5402F7FF4D0AE082204F29C41304650
:1065D000C8F30A1805F096F8242303FB0747D7F8F9
:1065E00068324344BEE606F53068A24600272068BC
:1065F00005F02CF90490049B2068002B3FF4BFAEFB
:10660000049BDB0778D55FFA87FB594605F02EF926
:1066100010F0010F81461FD001232068C8F8083010
:1066200000F5306394F806C003EB4713016CBCF12E
:10663000010F9A6840F08B8012F0080F07D0B34822
:10664000814209D9120407D54FF4004203E012F049
:10665000200F5AD020229A6019F0080F21D0082369
:10666000AA49C8F8083023681A6C03F530638A42D7
:1066700003EB4713986804D9000402D54FF4004097
:1066800098602046059205F07BFF059A9F498A4253
:1066900007D9A179012904D104F29C42206805F0B0
:1066A00011F919F0100F02D01023C8F8083019F0B2
:1066B000020F14D07369190603D56B6843F4806325
:1066C0006B609AF85732012B06D1002359462046B9
:1066D0008AF8573205F09EFF0223C8F8083019F0F7
:1066E000200F02D02023C8F8083019F4005F03D02F
:1066F0004FF40053C8F80830049B013708F1200814
:106700000AF1240A5B08049375E7DFF800C26145CB
:1067100001D9120498D41A69DAF87432C2F3120259
:106720009B1ACAF868326FB9D4F864222AB904F205
:106730009C42012105F0C6F804E0D4F860221A4416
:10674000C4F860225946204605F020FF84E7DFF8B0
:10675000C0C1614507D111043FF576AF9206F1D56E
:1067600020229A60EEE7002FECD1D4F86432002B9F
:10677000E8D104F29C423946DCE7049BDA0740F199
:1067800099805FFA8AF31946059305F078F810F0BE
:10679000010F80461FD001210AF00F026B6B01FA36
:1067A00002F223EA02036B63CBF80810A1790129F6
:1067B0000DD1D7E9072313443B62BAF1000F06D18C
:1067C000636A23B904F29C42206805F07BF80599BE
:1067D000204605F0E4FE18F0080F02D00823CBF89D
:1067E000083018F0100F02D01023CBF8083018F042
:1067F000400F02D04023CBF8083018F0020F0FD022
:106800005146304604F082FCFB7D012B05D100236C
:1068100005992046FB7505F001FF0223CBF80830EF
:10682000236818F0800F069344D0D7E909329A42C2
:1068300040D8A3EB0208FB69984528BF9846069B01
:1068400008F1030803F510634FEA980803EB4A13B5
:106850000793079B996989B24145D7E9093227D344
:1068600093420BD8069B0AF00F000121D3F834287D
:10687000814022EA0102C3F834281BE0A3EB02099D
:10688000FB69059A9945069828BF9946A379009314
:106890001FFA89F3396A09F1030804F01DFE3B6A07
:1068A0004FEA98084B443B62BB6A4B44BB62D0E75B
:1068B0009342D7D9049B0AF1010A24370BF1200B2C
:1068C0005B08049369E5204605F0A0FE7EE52046BE
:1068D00005F084FEA9E59960203353F8202C22F4BA
:1068E000001243F8202CC3F8E811D3F8E02122F479
:1068F0000012C3F8E021D3F8E02142F00062C3F8AF
:10690000E021039A01320392A1E500BF0A30544FFF
:106910000A31544F6B6943F4005343F02B036B610E
:106920002B6943F00B032B61A7E5B369012704F240
:1069300057284FF0240923F08003B3612379BB4229
:106940007FF6DBAD09FB07F318F80330012B03D109
:10695000F9B22046FFF7A5FC0137EFE798F83C3085
:10696000D9F80020012B09D1002A07DA67F07F014E
:10697000204688F83B30C9B2FFF793FC013708F195
:10698000240809F12009C1E50CF1010C2433203160
:10699000D1E500BF00681204436A70B519B913430A
:1069A0008362002070BD846A4E1E03EB14430024F2
:1069B000B44205D33F31134300EB81004360F0E75D
:1069C00004F14005013400EB85056D6803EB1543C8
:1069D000EEE7036800205962704701210268034610
:1069E000C0F8D814002083F8CC04936943F0006306
:1069F0009361536D43F0805343F003035365704735
:106A00007047000038B5104CE36813F0040FE368DA
:106A100005D103F00703181A18BF012038BD23F071
:106A200007031843E060FEF757F9054663689B04C7
:106A300001D50020F2E7FEF74FF9401BB0F57A7F51
:106A4000F4D90120EAE700BF00480258024AD3689F
:106A500043F08073D3607047004802582DE9F04737
:106A60004C6A34B1B2F1406F03D08B6A0568013BC8
:106A70002B61D1F818A0D1E907C6BAF1000F52D0A6
:106A80004F6944EA0A0A0568BF040B68D1F834E08C
:106A90004AEA020AD1E90B984EB38C684AEA06002A
:106AA000EC610C69BCF1000F13D043EA0C0343EA1C
:106AB000090343EA080343EA0E032343CC68234354
:106AC0003B430343B2F1406F6B610ED04B68AB6147
:106AD0000BE043EA090343EA080343EA0E032343B6
:106AE0003B4303436B61C5F818C0BDE8F087BCF1B8
:106AF000000F0DD043EA0C03C86843EA090343EAD8
:106B0000080343EA0E0303433B4343EA0A03D9E77E
:106B100043EA090343EA080343EA0E0040EA070395
:106B200043EA0A03DEE716B38B68264305684F691C
:106B30001643EB61BF040B694C6BD1E90B8EBCF1C2
:106B4000000F0BD043EA0C03C86843EA080343EA8A
:106B50000E03234303433B433343B3E743EA0802B3
:106B600042EA0E0222433A4332436A61BBE7BCF178
:106B7000000F1AD044EA0C03CC6A0068B2F1406FEF
:106B800043EA020343EA04030C6B43EA04034C6B3D
:106B900043EA0403CC6843EA04034C6943EA8443B0
:106BA0004361A2D04B6883619FE7002C9DD0CB6AE4
:106BB0000068234313430A6B13434A6B13434A6928
:106BC00043EA82434361C0F818C08EE72DE9F041E3
:106BD000DDF8188004460E4615461F462268936865
:106BE000334214BF01230023AB4201D100200FE048
:106BF000B8F1FF3FF3D0FEF76FF8C01B404509D94D
:106C00000423012084F84130636C43F00103636482
:106C1000BDE8F081B8F1000FE0D1F1E737B50446E7
:106C2000FEF75AF80546002C3FD094F841302BB9B6
:106C30002046FCF7CBFD41F28833A364216820464F
:106C4000A3680A68013B22F4F85242EA0322A36CCB
:106C50000A600022009320212B46FFF7B7FF10BBEC
:106C60002268E569E36811682B43256A21F07F41BA
:106C70002B43656821F0D00143EA05630B431360A1
:106C80005568D4E905310B43216943EA01430849BA
:106C900029400B435360136843F001031360012341
:106CA000606484F8413003B030BD0120FBE700BFD1
:106CB000FEF8E0FF2DE9F34704468A469046FEF7CA
:106CC0000BF894F840300746012B35D001230226FB
:106CD00084F8403094F84130012B5FFA83F929D1D0
:106CE0000022034620212046626484F84160CDF8EA
:106CF0000080FFF76BFF0546A8B9024651462046C3
:106D0000FFF7ACFEDAF824305BB93B464A46314621
:106D10002046CDF80080FFF759FF054618B92368D3
:106D2000DE6084F84190002384F84030284602B0A9
:106D3000BDE8F0873546F6E70225F7E72DE9F34190
:106D4000044688461746FDF7C7FF94F840300646CC
:106D50002568012B4CD0012384F8403094F8413051
:106D6000012BD8B242D100236364B8F1000F38D0B0
:106D7000122384F841302B690133E3622B69C4F894
:106D800024800133A3626B6923F040636B61E36A83
:106D90009BB933460122022120460097FFF716FFD8
:106DA00010B923680222DA60012384F841300023FD
:106DB00084F8403002B0BDE8F0813346012204215E
:106DC00020460097FFF702FF0028EDD1636A1B7889
:106DD00085F82030636A01336362E36A013BE36252
:106DE000D5E7636C43F008036364E0E70220DEE765
:106DF0000220DFE72DE9F341044617468846FDF7F8
:106E00006BFF25680646AA6994F84030012B4FD0E5
:106E1000012384F8403094F84130012BD8B245D199
:106E200000236364B8F1000F3BD0222384F8413083
:106E30002B690133A3632B69C4F83080013363638A
:106E4000696921F0406141F080616961AA61A36BC9
:106E50009BB933460122022120460097FFF7B6FE78
:106E600010B923680222DA60012384F8413000233C
:106E700084F8403002B0BDE8F0813346012206219B
:106E800020460097FFF7A2FE0028EDD195F82020BC
:106E9000236B1A70236B01332363A36B013BA36342
:106EA000D5E7636C43F008036364E0E70220DEE7A4
:106EB0000220DFE72DE9F74304461F4689461546C1
:106EC000FDF70AFF94F840300646012B41D001231C
:106ED00084F8403094F84130012B5FFA83F836D1C2
:106EE000422300222021626484F841300346009747
:106EF0002046FFF76BFE20BB226820462B682969DD
:106F000093626B685362AB68D362136823F44003E7
:106F10000B43494643F4800313604FF00062EB6873
:106F2000C9F82830FFF79AFD33464246082120462B
:106F30000097FFF74BFE20B923680822DA6084F837
:106F40004180002384F8403003B0BDE8F083022084
:106F5000F7E70220F8E70000F8B50446002874D0EF
:106F60000368D8075ED42368990700F1AD802368D1
:106F7000DA0627D59C4A1369916A03F03803082B77
:106F800007D0182B40F0038101F00303012B40F0E0
:106F9000FE801368DB0502D5E369802B55D1FDF730
:106FA000B3FE41F20303216A98428F4B00F2E8805E
:106FB0005A68202922F0F8420CBF42F0804242EA8F
:106FC00081625A602368190700F1238123689A06B9
:106FD00000F1448123685D071ED5844D2B6843F47E
:106FE00080732B60FDF778FE06462B68DA0540F1CA
:106FF0005A81A3687C4D012B40F05C812B6F43F0DC
:1070000001032B6741F28837FDF766FE764E054691
:10701000336F9B0740F17481616A002940F07781EA
:1070200000202BE0704A1369916A03F03803102B9B
:1070300005D0182B0BD101F00303022B07D11368E5
:107040009A0390D56368002B8DD1012016E0636808
:10705000654DB3F5803F12D12B6843F480332B602C
:10706000FDF73AFE604E054633689B033FF57BAF64
:10707000FDF732FE401B6428F6D90320F8BDA3B902
:107080002B6823F480332B602B6823F480232B6040
:10709000FDF722FE06462B689F037FF564AFFDF7E0
:1070A0001BFE801B6428F6D9E7E7B3F5A02F2B68F9
:1070B00003D143F480232B60CEE723F480332B608D
:1070C0002B6823F48023CAE74749E2680B69886A82
:1070D00013F0380303D0182B2AD1800728D10B686E
:1070E0005B0701D5002AB0D03F4D2B6823F0190370
:1070F00013432B60FDF7F0FD06462B685F0711D5A3
:10710000FDF702FE41F20303226998426B6822D820
:1071100023F47C33402A0CBF43F4003343EA0233A8
:107120006B6024E7FDF7D8FD801B0228E5D9A4E7B2
:107130002D4D2B68A2B123F0190313432B60FDF7EB
:10714000CBFD06462B685807DAD4FDF7C5FD801B3A
:107150000228F7D991E723F0FE4343EA0263DFE711
:1071600023F001032B60FDF7B7FD06462B68590796
:107170007FF5FDAEFDF7B0FD801B0228F6D97CE758
:10718000DA6822F07C5242EA0162DA601AE7E369C7
:10719000154D6BB32B6843F080032B60FDF79CFD0E
:1071A00006462B68DF0511D5FDF7AEFD41F203035E
:1071B000226A984210D86B68202A23F0F8430CBF4B
:1071C00043F0804343EA82636B60FBE6FDF784FD96
:1071D000801B0228E5D950E7EB6823F07C5343EA93
:1071E0000263EB60EEE600BF00440258004802581C
:1071F0002B6823F080032B60FDF76EFD06462B689D
:10720000D8057FF5DFAEFDF767FD801B0228F6D9B4
:1072100033E76369A34D83B16B6F43F001036B6781
:10722000FDF75AFD06466B6F9B073FF5CFAEFDF7A6
:1072300053FD801B0228F6D91FE76B6F23F0010373
:107240006B67FDF749FD06466B6F9F077FF5BEAE86
:10725000FDF742FD801B0228F6D90EE7A369914D88
:1072600083B12B6843F480532B60FDF735FD064650
:107270002B6898043FF5AEAEFDF72EFD801B02286B
:10728000F6D9FAE62B6823F480532B60FDF724FD32
:1072900006462B6899047FF59DAEFDF71DFD801B0A
:1072A0000228F6D9E9E6FDF717FD801B64287FF672
:1072B0009CAEE2E6B3B92B6F41F2883723F00103AD
:1072C0002B672B6F23F004032B67FDF705FD0646A4
:1072D0002B6F98077FF5A0AEFDF7FEFC801BB84230
:1072E000F6D9CAE6052B2B6F03D143F004032B67B5
:1072F00084E623F001032B672B6F23F0040380E661
:10730000FDF7EAFC401BB8427FF682AEB5E6654D5C
:107310002B6903F03803182B78D02B68022923F04F
:1073200080732B6065D1FDF7D7FC06462B68990169
:1073300059D4AB6AA26A23F47C7323F0030313438A
:10734000E26A43EA0213AB62636BA26B013B013A50
:107350005B0212049BB202F4FE021343226B013A59
:10736000C2F308021343E26B013A120602F0FE4236
:1073700013432B63EB6A23F00103EB626B6BA26C8C
:107380006FF3CF0343EAC2036B63EB6A226C23F013
:107390000C031343EB62EB6A626C23F002031343AA
:1073A000EB62EB6A43F48033EB62EB6A43F4003345
:1073B000EB62EB6A43F48023EB62EB6A43F0010378
:1073C000EB622B6843F080732B60FDF785FC354D35
:1073D00004462B689A013FF523AEFDF77DFC001BA8
:1073E0000228F6D949E6FDF777FC801B02289DD9D3
:1073F00043E6FDF771FC04462B689B017FF510AE58
:10740000FDF76AFC001B0228F6D936E60129AA6AB4
:107410002B6B3FF41AAE02F00301A06A81427FF4A5
:1074200014AEC2F30512E16A8A427FF40EAE226BFB
:10743000C3F30801013A91427FF407AE626BC3F3D4
:107440004621013A91427FF400AEA26BC3F306419C
:10745000013A91427FF4F9ADE26BC3F30663013A5E
:1074600093427FF4F2AD6B6BA26CC3F3CC039A42F0
:107470003FF4D6AD0B4DEB6A23F00103EB62FDF751
:107480002BFC0646FDF728FCB042FBD06B6BA26CD0
:107490006FF3CF0343EAC2036B63EB6A43F001036C
:1074A000EB62BDE500440258494B1A6902F038020C
:1074B000102A30B500F08880182A0CD0002A40F03D
:1074C00085801A68434812F0200F03D01B68C3F36D
:1074D000C103D84030BD996A9D6ADC6A15F47C7F8F
:1074E000C5F305105A6BF5D0C2F3CC0204F00104C9
:1074F00001F0030107EE900A6243B7EE006A01292A
:10750000B8EEE77A06EE902AFAEEE96A4ED0022942
:107510003ED000294AD11A68920627D519682D4A0B
:10752000C1F3C1011B6BCA40C3F3080307EE902AE5
:10753000F8EEE75AC5EE877A07EE103AB8EEC77A4A
:1075400037EE267A37EE067A67EE877A204B1B6B8A
:10755000C3F34623013307EE103AF8EEC76A87EE0D
:10756000A67AFCEEC77A17EE900AB3E71B6BC3F35B
:10757000080307EE903AF8EEE77A77EEA67A77EE10
:10758000867A9FED156AC6EE076A67EEA67ADDE792
:107590001B6BC3F3080307EE903AF8EEE77A77EE39
:1075A000A67A77EE867A9FED0D6AECE71B6BC3F344
:1075B000080307EE903AF8EEE77A77EEA67A77EED0
:1075C000867A9FED076ADEE7064883E7064881E78B
:1075D000004402580090D0030024744C20BCBE4BE1
:1075E0000024744A40787D0100093D002DE9F041F6
:1075F0000D46044610B90120BDE8F081884A1368A1
:1076000003F00F038B42C0F0938023685F0700F103
:107610009B801E070BD583496069CA6902F070021E
:10762000904204D9CA6922F070020243CA61D806A6
:107630000BD57C49A069CA6902F4E062904204D982
:10764000CA6922F4E0620243CA6199060BD5754902
:10765000E0690A6A02F07002904204D90A6A22F0D4
:10766000700202430A629A070BD56E49E0688A6984
:1076700002F00F02904204D98A6922F00F020243FD
:107680008A61DF076ED423689E0700F1A1806449F8
:107690000A6802F00F02AA4200F2A880580700F11F
:1076A000B18019070BD55F496069CA6902F07002A1
:1076B000904204D2CA6922F070020243CA61DA061B
:1076C0000BD55849A069CA6902F4E062904204D21D
:1076D000CA6922F4E0620243CA619B060BD5514A93
:1076E000E169136A03F07003994204D2136A23F02C
:1076F00070030B431362FFF7D7FE4A494A4A8B696E
:10770000C3F30323D35C03F01F03D8408B6903F05A
:107710000F03D35C454A03F01F0320FA03F3136001
:10772000434B1860434BBDE8F0411868FDF774BA4D
:10773000136823F00F030B431360136803F00F0368
:107740008B427FF458AF60E7364920698A6902F0BE
:10775000700290427FF65DAF8A6922F070020243A8
:107760008A6156E72F4BA1689A6922F470620A4336
:107770009A6161681A6802291DD112F4003F3FF432
:107780003AAF1A6941F28838264F22F007020A43BD
:107790001A61FDF7A1FA06463B69626803F03803F7
:1077A000B3EBC20F3FF46FAFFDF796FA801B404575
:1077B000F2D9032020E7032902D112F0007FDEE78F
:1077C000012902D112F4807FD9E712F0040FD6E725
:1077D0001449E0688A6902F00F029042BFF457AF83
:1077E0008A6922F00F0202438A6150E70A6822F098
:1077F0000F022A430A600A6802F00F02AA427FF4CD
:10780000FAAE4BE7074920698A6902F0700290429C
:10781000BFF447AF8A6922F0700202438A6140E7F1
:107820000020005200440258982B0108BC0000249C
:10783000C0000024C800002408B5FFF735FE0B4A3D
:107840000B4993699269C3F3032302F00F02CB5CE7
:1078500003F01F0320FA03F3885C064A00F01F00C0
:1078600023FA00F01060044A136008BD0044025877
:10787000982B0108BC000024C000002408B5FFF7C5
:10788000DBFF054B054ADB69C3F30213D35C03F04E
:107890001F03D84008BD00BF00440258982B0108C0
:1078A00008B5FFF7C9FF054B054ADB69C3F302239F
:1078B000D35C03F01F03D84008BD00BF004402584A
:1078C000982B0108F8B5394C06460D46A36A03F01B
:1078D0000303032B67D0236823F080632360FDF745
:1078E000FBF9074623681A0149D4A36A326823F4D6
:1078F0007C3343EA0233A362B368F268013B013A86
:107900005B0212049BB202F4FE0213437268013A56
:10791000C2F3080213433269013A120602F0FE4232
:107920001343A363E36A726923F0C0031343E36262
:10793000E36AB26923F020031343E362E36A23F0AE
:107940001003E362E36BF2696FF3CF0343EAC20310
:10795000E363E36A43F01003E362E36AB5B943F417
:107960000023E362114C236843F080632360FDF73A
:10797000B3F9054623681B010FD5002005E0FDF78C
:10798000ABF9C01B0228ADD90320F8BD012D0CBFF7
:1079900043F4801343F40013E3E7FDF79DF9401B24
:1079A0000228E7D9F0E70120EFE700BF00440258C2
:1079B000F8B5394C06460D46A36A03F00303032BC2
:1079C00067D0236823F080532360FDF785F90746CD
:1079D00023689A0049D4A36A326823F07C7343EA8F
:1079E0000253A362B368F268013B013A5B021204DE
:1079F0009BB202F4FE0213437268013AC2F308021A
:107A000013433269013A120602F0FE421343236423
:107A1000E36A726923F440631343E362E36AB26981
:107A200023F400731343E362E36A23F48073E36295
:107A3000636CF2696FF3CF0343EAC2036364E36AE2
:107A400043F48073E362E36AB5B943F48003E3620D
:107A5000114C236843F080532360FDF73DF9054640
:107A600023689B000FD5002005E0FDF735F9C01B0A
:107A70000228ADD90320F8BD012D0CBF43F400034B
:107A800043F08073E3E7FDF727F9401B0228E7D9AD
:107A9000F0E70120EFE700BF004402582DE9F8436A
:107AA0000368054618011ED5AB6EB3F5001F2BD039
:107AB0000FD8D3B1B3F5801F1DD001262B68D9058F
:107AC00051D5AB6D042B4DD8DFE803F0243F462998
:107AD0002900B3F5401FF0D1854AA96E136D23F438
:107AE00040130B4313650026E8E7814AD36A43F449
:107AF0000033D362F0E7022105F10800FFF7E2FE50
:107B000006460028DAD1E7E7022105F12800FFF751
:107B10004FFFF5E7764AD36A43F40033D362344625
:107B20001CBB734AA96D136D23F007030B43136548
:107B30002B689A0528D5EB6D802B43D017D8A3B3BB
:107B4000402B38D0012634461EE0002105F1080004
:107B5000FFF7B8FE0446E3E7002105F12800FFF730
:107B600027FFF7E701263446E2E72646E0E7C02B89
:107B700002D0B3F5807FE5D154BB5D4AE96D136D4A
:107B800023F4E0730B4313652B685B0531D5D5F8FF
:107B9000A830B3F5800F49D01CD8002B39D0B3F5ED
:107BA000001F3CD00126344623E0514AD36A43F4F7
:107BB0000033D362E0E7002105F10800FFF782FE01
:107BC0000446D9E7002105F12800FFF7F1FEF7E7A9
:107BD0002646D9E7B3F5C00F02D0B3F5000FE1D1C7
:107BE00054BB434AD5F8A810936D23F460030B43AC
:107BF00093652B681F0530D5D5F8AC30B3F1007F05
:107C000045D01BD8B3B3B3F1807F39D001263446B9
:107C100023E0374AD36A43F40033D362E0E700211C
:107C200005F10800FFF74EFE0446D9E7002105F1F3
:107C30002800FFF7BDFEF7E72646DAE7B3F1407FFD
:107C400002D0B3F1806FE1D13CBB294AD5F8AC102A
:107C5000936D23F0E0630B4393652B68980128D55F
:107C6000EB6C202B3BD01AD8DBB1102B31D0012686
:107C700034461EE01E4AD36A43F40033D362E3E77E
:107C8000002105F10800FFF71DFE0446DCE7002196
:107C900005F12800FFF78CFEF7E72646DDE7302BDD
:107CA000E5D11CBB124AE96CD36C23F030030B43C3
:107CB000D3642B68D9042CD52B6EB3F5005F74D038
:107CC00018D8002B64D0B3F5805F67D00126344606
:107CD0001FE0074AD36A43F40033D362E1E702218D
:107CE00005F10800FFF7EEFD0446DAE72646E0E777
:107CF00000440258B3F5405F02D0B3F5804FE5D1A0
:107D0000002C58D19D4A296E136D23F4E0430B4398
:107D100013652B689A040BD56B6EB3F5003F64D0E6
:107D20004BD8002B51D0B3F5803F57D001263446B5
:107D30002B685B040CD5D5F8B030B3F1005F75D07B
:107D40005BD8002B61D0B3F1805F68D00126344648
:107D50002B681F0411D52B6FB3F1805F6ED0B3F188
:107D6000005F71D0002B76D1002C77D1834A296F28
:107D7000136D23F040530B4313652B68D8017DD559
:107D8000AB6C032B00F2BF80DFE803F06F6AB66FC5
:107D90007A4AD36A43F40033D362B1E7002105F194
:107DA0000800FFF78FFD0446AAE7002105F128002F
:107DB000FFF7FEFDF7E72646ABE723F48032B2F586
:107DC000802F02D0B3F5403FB0D1A4B96B4A696EA1
:107DD000136D23F4E0230B431365A9E7012105F19B
:107DE0000800FFF76FFD0446EFE7012105F12800C9
:107DF000FFF7DEFDF7E726469AE723F08052B2F15F
:107E0000804F02D0B3F1405FA0D1ACB95B4AD5F846
:107E1000B010936D23F0E0430B43936598E7012185
:107E200005F10800FFF74EFD0446EEE7012105F1DC
:107E30002800FFF7BDFDF7E7264689E74F4AD36ADA
:107E400043F40033D3628FE7012105F10800FFF707
:107E500039FD044688E7012634468EE726468CE73E
:107E6000464AD36A43F40033D362002C4ED1434ACE
:107E7000A96CD36C23F003030B43D3642B68590222
:107E80004ED53F4F3B6843F480733B60FCF724FFC3
:107E900080463B68DA053BD5002C75D1374BD5F8C9
:107EA000B4001A6F424012F4407F0BD01A6F196F62
:107EB00022F4407241F480311967196F21F4803146
:107EC00019671A67B0F5807F42D0D5F8B4302B49D6
:107ED00003F44072B2F5407F4BD10869294A20F47F
:107EE0007C5002EA131202430A61C3F30B03234AD4
:107EF000116F0B43136713E0022105F10800FFF730
:107F0000E1FC0446B1E701263446B7E72646B5E76B
:107F1000FCF7E2FEA0EB08006428BAD90326344639
:107F20002B68D80709D5EB6F102B45D02ED8002B26
:107F300032D0082B39D0012634462B68990751D509
:107F4000AB6F052B64D8DFE803F0453F5D45454541
:107F5000FCF7C2FEDFF82480074641F28839D8F8E2
:107F600070309B07B1D4FCF7B7FEC01B4845F6D96B
:107F7000D4E70A6922F47C52B6E700BF00440258F5
:107F800000480258CFFFFF002646C9E723F0080249
:107F9000202A01D0182BCED1A4B9204AE96F536D05
:107FA00023F038030B435365C7E7012105F10800AF
:107FB000FFF788FC0446EFE7012105F12800FFF7F1
:107FC000F7FCF7E72646B8E7012105F10800FFF7BF
:107FD00079FC0446FCB9114AA96F536D23F00703DD
:107FE0000B4353652B685A072BD5D5F89430052BD6
:107FF00000F26E81DFE813F01A00140066011A0027
:108000001A001A00012105F12800FFF7D1FCE0E772
:1080100001263446E6E72646E4E700BF004402585E
:10802000012105F10800FFF74DFC0446002C40F04B
:108030005281AA4AD5F89410936D23F007030B439D
:1080400093652B689B0610D5D5F89030B3F1005F8F
:1080500000F0608100F24481002B00F04A81B3F10E
:10806000805F00F05081012634462B685F0610D5F2
:10807000D5F89C30B3F5006F00F06E8100F25281AC
:10808000002B00F05881B3F5806F00F05E8101266F
:1080900034462B68180610D5D5F8A030B3F5804FBC
:1080A00000F07C8100F26081002B00F06681B3F566
:1080B000005F00F06C81012634462B68190714D547
:1080C000D5F88430B3F5805F07D1022105F128008F
:1080D000FFF76EFC002818BF0126804AD5F88410EF
:1080E000536D23F440530B4353652B68DA0614D5C4
:1080F000D5F89830B3F5807F07D1022105F128002B
:10810000FFF756FC002818BF0126744AD5F89810CE
:10811000936D23F440730B4393652B681B031BD5AE
:10812000D5F8A410B1F5803F00F04081B1F5003FD3
:1081300007D0002940F0408105F10800FFF7C2FB9D
:108140000446002C40F03B81644AD5F8A410936D9E
:1081500023F440330B4393652B685F030FD5D5F8A9
:108160008830B3F5001F00F03B81B3F5401F00F0ED
:108170002D81B3F5801F00F02481012634462B6841
:10818000D80309D52B6D002B00F03381B3F5803F68
:1081900000F03D81012634462B68990007D5022165
:1081A00005F12800FFF704FC002818BF0126D5E9D7
:1081B00000319A0340F14381D5F88000B0F5807F0B
:1081C00000F03F8100F22C81002800F02F81012473
:1081D000DF0206D541486E6F026D22F00042324345
:1081E0000265DE0007D53D48D5F8B860026922F483
:1081F000804232430261980206D53848EE6E026D25
:1082000022F08072324302655A0009D5334A106960
:1082100020F4004010611069D5F8BC603043106153
:10822000002B06DA2D486E6DC26C22F040523243AC
:10823000C2641F0207D5294AD5F88C00536D23F478
:10824000400303435365CE0706D5002105F108001E
:10825000FFF738FB074600B927466B689C0706D531
:10826000012105F10800FFF72DFB064600B93E4647
:108270006B68580706D5022105F10800FFF722FBBD
:10828000044600B934466B68190706D5002105F18C
:108290002800FFF78DFB064600B926466B68DA0614
:1082A00006D5012105F12800FFF782FB044600B93D
:1082B00034466B689B0600F1CA80201E18BF01205F
:1082C000BDE8F883012105F12800FFF771FBACE65A
:1082D00001263446B5E62646B3E600BF0044025800
:1082E00023F08052B2F1804F03D0B3F1405F7FF4AE
:1082F000BAAEACB95B4AD5F89010536D23F0E043A9
:108300000B435365B1E6002105F10800FFF7DAFAE7
:108310000446EEE7022105F12800FFF749FBF7E7E5
:108320002646A2E623F48062B2F5805F03D0B3F55F
:10833000406F7FF4ACAEACB94A4AD5F89C10936D4F
:1083400023F4E0530B439365A3E6002105F10800F5
:10835000FFF7B8FA0446EEE7022105F12800FFF71F
:1083600027FBF7E7264694E623F40052B2F5004FC8
:1083700003D0B3F5C04F7FF49EAEACB9394AD5F8FF
:10838000A010936D23F460430B43936595E60021A1
:1083900005F10800FFF796FA0446EEE7022105F121
:1083A0002800FFF705FBF7E7264686E6022105F1E0
:1083B0002800FFF7FDFAC3E601263446CCE6264640
:1083C000CAE6284AD36A43F40033D3627CB9254A0B
:1083D000D5F88810536D23F440130B435365CEE654
:1083E000012105F12800FFF7E3FA0446EEE72646EF
:1083F000C5E61C4AD36A43F40033D36274B9194A00
:10840000296DD36C23F480330B43D364C4E602217B
:1084100005F10800FFF756FA0446EFE72646BBE6EB
:1084200020F48072B2F5007F7FF4D1AE002C7FF48F
:10843000CFAE0C4C626D22F440720243626534464A
:10844000C6E6084FFA6A42F40032FA62EEE7022109
:1084500005F12800FFF7ACFA00283FF42EAF012009
:108460002EE700BF0044025808B5FFF7E5F9054BB9
:10847000054A1B6AC3F30213D35C03F01F03D84001
:1084800008BD00BF00440258982B01084F4970B541
:108490008C6A8E6ACD6A16F47C3FC6F30533CA6BCC
:1084A00000F0908007EE903AC2F3CC03C5F30012BF
:1084B00004F00304B8EEE77A5343012CB7EE006AE8
:1084C00006EE903AFAEEE96A6ED0022C5ED0002CED
:1084D0006AD10B689B0647D50A688B6BC2F3C10152
:1084E0003B4AC3F30803CA4007EE902AF8EEE75A66
:1084F000C5EE877A07EE103AB8EEC77A37EE267ADD
:1085000037EE067A67EE877A304A936BC3F34623D9
:1085100007EE103AB8EEC77A37EE067AC7EE876AEA
:10852000FCEEE66AC0ED006A936BC3F3064307EE08
:10853000103AB8EEC77A37EE067AC7EE876AFCEED5
:10854000E66AC0ED016A936BC3F3066306EE903AE8
:10855000F8EEE66A76EE866A87EEA67AFCEEC77AD1
:1085600017EE903A836070BD8B6BDFED1A5AC3F340
:10857000080307EE903AF8EEE77A77EEA67A77EE00
:10858000867AC5EE876A67EEA67ABDE78B6BDFED6C
:10859000125AC3F3080307EE903AF8EEE77A77EE43
:1085A000A67A77EE867AECE78B6BDFED0C5AC3F395
:1085B000080307EE903AF8EEE77A77EEA67A77EEC0
:1085C000867ADEE7C0E90033CCE700BF00440258FA
:1085D0000090D0030024744C20BCBE4B0024744A8D
:1085E0004F4970B58C6A8E6ACD6A16F07C7FC6F3EF
:1085F00005534A6C00F0908007EE903AC2F3CC032A
:10860000C5F3002204F00304B8EEE77A5343012CCB
:10861000B7EE006A06EE903AFAEEE96A6ED0022CE6
:108620005ED0002C6AD10B689B0647D50A680B6C9C
:10863000C2F3C1013B4AC3F30803CA4007EE902AC4
:10864000F8EEE75AC5EE877A07EE103AB8EEC77A29
:1086500037EE267A37EE067A67EE877A304A136C61
:10866000C3F3462307EE103AB8EEC77A37EE067A20
:10867000C7EE876AFCEEE66AC0ED006A136CC3F3CE
:10868000064307EE103AB8EEC77A37EE067AC7EE21
:10869000876AFCEEE66AC0ED016A136CC3F30663F9
:1086A00006EE903AF8EEE66A76EE866A87EEA67AED
:1086B000FCEEC77A17EE903A836070BD0B6CDFED6D
:1086C0001A5AC3F3080307EE903AF8EEE77A77EE0A
:1086D000A67A77EE867AC5EE876A67EEA67ABDE758
:1086E0000B6CDFED125AC3F3080307EE903AF8EE75
:1086F000E77A77EEA67A77EE867AECE70B6CDFED19
:108700000C5AC3F3080307EE903AF8EEE77A77EED7
:10871000A67A77EE867ADEE7C0E90033CCE700BFC1
:10872000004402580090D0030024744C20BCBE4B7F
:108730000024744A03681A6822F001021A601A6958
:1087400022F45B7222F003021A619A6942F0080275
:108750009A619A6942F010029A619A6822F4404242
:108760009A609A6942F040029A619A6942F0200246
:108770009A619A6942F480729A619A6942F400722D
:108780009A619A6942F400629A610023A0F862300B
:10879000A0F86A307047036859699A6942F0080284
:1087A0009A619A6942F010029A611A6822F00102F5
:1087B0001A601A6922F45B7222F003021A619A6845
:1087C00022F440429A6090F88120042A0BD08A0655
:1087D00009D5D0F8842042F08002C0F884209A693C
:1087E00042F020029A6190F88120032A0BD04A06B9
:1087F00009D5D0F8842042F00402C0F884209A6998
:1088000042F040029A618A0509D5D0F8842042F0EE
:108810000102C0F884209A6942F400729A61CA0584
:1088200009D5D0F8842042F00802C0F884209A6963
:1088300042F480729A610023A0F86230A0F86A3096
:1088400070470000F8B5044608B90120F8BD026879
:1088500000234D4983628A42C36809D0A1F578415B
:108860008A4205D001F580618A4201D00F2BECD8F5
:10887000E16B08334909DB0801FB033342498A42B3
:1088800073D0A1F578418A426FD001F580618A42A8
:108890006BD0082BD9D894F8813003F0FF0223B9AC
:1088A000204684F88020FBF77DFC22680223616863
:1088B00084F881301368A66B23F00103136093687A
:1088C00003F4F81CA369B3F1806F04D1B1F5800FF4
:1088D0004DD1002E50D011F48000E568176850D0BB
:1088E000062D4ED927F4807E276D4EEA07071760C4
:1088F0000B43E76933433D43A76A3D43E76B3D4381
:1089000045EA0C059560656B2B43656A2B43256929
:108910002B4365692B43256A2B43E56C2B43A568E4
:108920002B43A56C2B43A56D2B43D36059B993689A
:1089300023F4C05343F400639360936823F4C0634B
:1089400043F480639360136D23F00103136528B132
:10895000D368616D23F000430B43D36000200123F3
:10896000C4F8840084F8813070E7102B92E7002966
:10897000B1D1B6F1805FAED1106840F48050106084
:10898000A9E727F48077B2E7003001402DE9F843EA
:1089900004461D46894690460768FCF79DF994F801
:1089A00081300646012BD8B240F00881B9F1000FA2
:1089B00000F0A380B8F1000F00F09F8094F88030A1
:1089C000012B00F0FB800323A26884F8800084F868
:1089D0008130B2F5C02F4FF00003C4F85C90A4F8CA
:1089E0006080C4F884306366A4F86280A4F86830BC
:1089F000A4F86A30C4E91C33236839D11A6842F4F8
:108A000000621A605A686FF30F0242EA08025A6065
:108A10001A6842F001021A606268B2F5800F03D151
:108A20001A6842F400721A60E3680F2B35D8072BDE
:108A30007AD8B4F8623021689BB2002B33D04B69EE
:108A4000980740F1A180B4F86230E26D9BB2032B2D
:108A500040F28180E36B402B7DD952F8043B0B62DE
:108A6000B4F86230E265043B9BB2A4F86230E0E700
:108A7000DA6822F4C02242F40032DA60C2E75369B5
:108A8000980723D5E36D53F8041B1162E365B4F82E
:108A90006230013B9BB2A4F86230B4F862302268C5
:108AA0009BB2002BEBD123685B691B0776D5204670
:108AB000FFF771FE012384F881300023D4F884008D
:108AC00084F88030C01A18BF012016E0FCF704F9C2
:108AD000801BA842E1D3691CDFD02046FFF75BFE74
:108AE000D4F88430032043F48073C4F88430012325
:108AF00084F88130002384F88030BDE8F8834B6926
:108B00009A0720D5B4F86220E36D92B2012A12D9F7
:108B1000E26B82B153F8042B0A62E365B4F8623069
:108B2000023B9BB2A4F86230B4F8623021689BB279
:108B3000002BE4D1B7E733F8022B3A84E365B4F8AD
:108B40006230013BEDE7FCF7C7F8801BA842EBD38E
:108B50006B1CE9D0C1E7B4F862309BB2012B09D994
:108B6000E36B3BB132F8023B3B84B4F86230E26520
:108B7000023B79E7137881F82030E36D0133E36538
:108B8000B4F86230013B6FE7FCF7A6F8801BA842FF
:108B9000FFF44FAF691C3FF44CAF9EE7FCF79CF825
:108BA000801B85423FF67FAF6A1C3FF47CAFD4F850
:108BB000843043F02003C4F8843078E702209CE737
:108BC0002DE9F84F04461D460F469246DDF82880F1
:108BD000D0F800B0C66BFCF77FF894F8813081467E
:108BE000012BD8B240F09181002F00F0B280BAF191
:108BF000000F00F0AE80002D00F0AB8094F88030C4
:108C0000012B00F08281052384F88000C4F864A061
:108C100084F881300023A4F86850C4F88430A4F8A4
:108C20006A50A4F86250E765A4F86050C4E91C33A8
:108C30002368DA6822F4C022DA60A04A93423DD069
:108C4000A2F57842934239D09D4FBB420CBF10270A
:108C500008275A686FF30F022A435A601A6842F0D5
:108C600001021A606268B2F5800F03D11A6842F4FB
:108C700000721A604FEA561AE3680AF1010A0F2BD4
:108C80001FFA8AFA67D9BF082E4645EA060223680A
:108C900092B2AAB923685B691B0740F12481204680
:108CA000FFF779FD012384F881300023D4F8840094
:108CB00084F88030C01A18BF01204AE01027C8E7A6
:108CC0005A69900724D51DB3EA19964212D35A69FE
:108CD0005969C90720D51A6B636E43F8042B636684
:108CE000B4F86A30013B9BB2A4F86A30B4F86A6009
:108CF000B6B2CAE7E26D52F8041B1962E265B4F835
:108D00006220013A92B2A4F86220B4F86250ADB287
:108D10005A69002EB9D0DBE7564501D21204DAD4E5
:108D2000FBF7DAFFA0EB09004045AED3B8F1FF3FF7
:108D3000ABD02046FFF72FFDD4F88430032043F456
:108D40008073C4F88430012384F88130002384F8D0
:108D50008030BDE8F88F072B40F2C3807F082E4695
:108D600045EA060322689BB2002B93D053699B0708
:108D700020D5FDB1EB199E420DD353695269D0073E
:108D80001CD5BBF83020636E23F8022B6366B4F861
:108D90006A30013B23E0E36D33F8021BABF820108F
:108DA000E365B4F86230013B9BB2A4F86230B4F8DA
:108DB0006250ADB25369002ED2D0DFE7564515D2CE
:108DC000190413D5BBF83020636E1A800433BBF846
:108DD000302023F8022C6366B4F86A30023B9BB261
:108DE000A4F86A30B4F86A60B6B2B9E7012E01D1CE
:108DF0009A04C6D4FBF770FFA0EB09004045AFD33F
:108E0000B8F1FF3FACD094E756455BD2110459D579
:108E100093F83030626E1370636E5A1C626622687B
:108E200092F830205A70636E5A1C6266226892F87B
:108E300030205A70636E5A1C6266226892F83020A5
:108E40005A70636E01336366B4F86A30043B9BB2B8
:108E5000A4F86A30B4F86A60B6B245EA060322683C
:108E60009BB2002B3FF416AF53699B0713D595B106
:108E7000EB199E420FD2E36D1B7882F82030E36D30
:108E80000133E365B4F86230013B9BB2A4F8623071
:108E9000B4F86250ADB223685A69002EDDD059692A
:108EA000C807B1D593F83030626E1370636E01332A
:108EB0006366B4F86A30013BC9E700BF0030014087
:108EC000003C0040032E02D812F4C04FEAD1FBF759
:108ED00003FFA0EB09004045BFD3B8F1FF3FBCD072
:108EE00027E72E46B9E7FBF7F7FEA0EB0900804520
:108EF0003FF6D0AEB8F1FF3F3FF4CCAED4F88430AB
:108F000043F02003C4F88430C9E6022021E700BF03
:108F10002DE9F8431E4690F881300446012BDDB25E
:108F200040F0BF80002941D0002A3FD0002E3DD024
:108F300090F88030012B00F0B4800523C1650168F2
:108F400080F88130002380F88050C0F88430A0F889
:108F50006260A0F86A60A0F860604266A0F868608D
:108F6000D0F80CC0C0E91C33CB68BCF10F0FC06F48
:108F700023F4C0238769CB608B6823F440438B6064
:108F800017D9B7F5804F0ED1A36F9B69B3F5804F0A
:108F900009D1A36F9B69B3F5005F00F08480B3F53E
:108FA000804F00F08480002384F880302846BDE89C
:108FB000F883BCF1070F05D9B7F5005FE9D0B7F525
:108FC000804FE5E7A36F9B69B3F5005F0FD1B4F85D
:108FD00062309BB201335B08A4F86230B7F5005FE2
:108FE0000ED1B4F86A309BB201335B0810E0B3F5E0
:108FF000804FF3D1B4F862309BB203339B08EBE7A8
:10900000B7F5804F60D1B4F86A309BB203339B0848
:10901000A4F86A3058E02268A06F93682032E16DAE
:1090200043F4804342F8183CB4F86230C0E90F774B
:109030009BB2C0E91387FCF735FA70B1E06FFCF71B
:109040001DFBD4F8843084F8807043F01003C4F81A
:109050008430012384F88130A8E7A36F2268DB699C
:109060002A49B3F5807F536803EA010318BF3343ED
:109070005360936843F400439360136943F4587357
:109080001361136843F0010313606368B3F5800F45
:1090900003D1136843F400731360002584F88050F3
:1090A00084E7022582E7BCF10F0F0AD90CE0BCF17E
:1090B0000F0F09D8B4F862309BB201335B08A4F8F3
:1090C0006230B7F5804F8CD0114B4FF00009DFF8BC
:1090D0004880303103640F4BC0F84C80C363B4F850
:1090E0006A30C0F850909BB2FCF7DCF907460028C4
:1090F00091D0D4F8843084F8809043F01003C4F801
:109100008430012384F8813050E700BF0000FFFF66
:1091100073920008499200087D92000813B590F8F8
:1091200080300446012B00F08880012345F6C052B0
:1091300080F88030072380F88130414B1B68B3FBF7
:10914000F2F364225343019303681A6891052FD503
:109150001A6922F008021A61019A013A0192019AF1
:10916000002A5CD1D4F8842042F04002C4F8842064
:109170001A6842F480621A60019A013A0192019AD7
:10918000002A50D1D4F8842042F04002C4F8842050
:109190009A6942F400629A61019A013A0192019A35
:1091A000002A44D1D4F8842042F04002C4F884203C
:1091B0009B681A040ED5A06F60B100230365FCF70D
:1091C0005DFA38B1A06FFCF7CDFD202802D1402315
:1091D000C4F8843023689B685B040ED5E06F60B1EF
:1091E00000230365FCF74AFA38B1E06FFCF7BAFDDB
:1091F000202802D14023C4F884302046FFF79AFA91
:10920000D4F88400012310F0400014D1C4F8840085
:1092100084F88130002384F8803002B010BD1A69D0
:10922000120799D4A4E71A689005A5D4B0E75A6943
:109230001105B1D4BCE71846EAE70220EDE700BF0C
:10924000C000002470477047806B08B590F88130EB
:10925000072B06D0836FDB69B3F5807F02D1FAF765
:10926000F9FB08BD0268136943F008031361F8E7CE
:109270007047806B08B5FFF7FBFF08BD10B5846B26
:10928000FCF770FD02280DD02046FFF784FAD4F8D1
:10929000843043F01003C4F88430012384F8813013
:1092A000FAF722FF10BD08B5806B0023A0F86A30E2
:1092B000A0F86230012380F88130FAF715FF08BD6D
:1092C000704700002DE9F04706680446336972696B
:1092D000D6F80880110590F8817003EA0205FFB204
:1092E00009D51A0707D5B36943F40063B361FFF7E3
:1092F000E7FFBDE8F08705F06403042B18D1636F26
:1093000020469847236F20469847012305F04509DA
:10931000B9F1010F03D1236F204698474B4605F062
:109320002602022A06D1636F2046BDE8F04718479F
:109330000023EBE7002BDCD12B0751D523689A697A
:1093400042F008029A619A6942F010029A619A69A1
:1093500042F400629A611A6922F008021A619B685D
:1093600013F4404F1AD02046FFF715FA012384F872
:109370008130D4F8843023B3FAF7B6FEB9E7E26857
:10938000636E0F2A10D92268126B43F8042B6366B0
:10939000B4F86A30013B9BB2A4F86A30B4F86A3082
:1093A0009BB2002BEBD1DEE7072A03D9328E23F8DC
:1093B000022BECE7226892F830201A70636E0133BA
:1093C000E5E7052F02D1FAF745FB92E7042F02D11A
:1093D000FFF739FF8DE7032F8BD1FFF733FF88E7C6
:1093E00015F4587F85D068060AD5D4F884302268F1
:1093F00043F00403C4F88430936943F0400393615D
:10940000A9050AD5D4F88430226843F00103C4F8D2
:109410008430936943F400739361EA050AD5D4F864
:109420008430226843F00803C4F88430936943F41D
:1094300080739361AB060AD5D4F88430226843F078
:109440008003C4F88430936943F020039361D4F817
:109450008430002B3FF44DAF236808F440481A686D
:10946000B8F5404F22F001021A601A6922F45A72CC
:1094700022F003021A6122D19A68E06F22F440427E
:109480009A6050B1104B0365FCF70CFA28B1D4F880
:10949000843043F04003C4F88430A06F00283FF4C8
:1094A00028AF094B0365FCF7FDF900283FF421AF15
:1094B000D4F8843043F04003C4F8843019E7012322
:1094C000204684F8813057E7A7920008036A026AB1
:1094D00023F0020322F0010270B50262446882693F
:1094E0000D6822F4803222F073022A438D682B43E8
:1094F000124DA8420FD005F58065A8420BD005F5A6
:109500007055A84207D005F58065A84203D005F53F
:109510008065A8420BD1CD6823F008032B4324F4C7
:109520004075D1E9054623F0040334432C434460DD
:1095300082614A684263036270BD00BF000001405F
:10954000036A026A23F4007322F4807270B5026227
:109550004468C2690D6822F4803222F073022A4303
:109560008D6843EA0523144DA8420FD005F58065A8
:10957000A8420BD005F57055A8420FD124F44055F0
:10958000D1E90546344345EA04140EE023F40063B0
:10959000CD6843EA052323F48063EFE7074DA84233
:1095A000ECD005F58065A842E8D04460C2614A6805
:1095B000C263036270BD00BF00000140004401406F
:1095C000036A026A23F4005322F4805230B5026227
:1095D0004468C2690D6822F0807222F4E64242EAD1
:1095E00005228D6843EA05330E4DA8420FD005F5DC
:1095F0008065A8420BD005F57055A84207D005F547
:109600008065A84203D005F58065A84204D124F402
:1096100080444D6944EA85144460C2614A6802642A
:10962000036230BD00000140036A026A23F4003384
:1096300022F4803230B502624468426D0D6822F433
:10964000803222F070022A438D6843EA05430F4DB1
:10965000A8420FD005F58065A8420BD005F57055DE
:10966000A84207D005F58065A84203D005F58065BE
:10967000A84204D124F480344D6944EA05244460AE
:1096800042654A688265036230BD00BF0000014048
:10969000036A026A23F4001322F4801230B50262D6
:1096A0004468426D0D6822F0807222F4E04242EA82
:1096B00005228D6843EA05530E4DA8420FD005F5EB
:1096C0008065A8420BD005F57055A84207D005F576
:1096D0008065A84203D005F58065A84204D124F432
:1096E00080244D6944EA8524446042654A68C26525
:1096F000036230BD0000014090F83D30012B33D1B2
:10970000022380F83D300368DA6842F00102DA6033
:10971000164A93421AD0B3F1804F17D0A2F57C427B
:10972000934213D002F5806293420FD002F580621B
:1097300093420BD002F57842934207D0A2F56C42D7
:10974000934203D002F59432934207D19968084AB4
:109750000A40062A06D0B2F5803F03D01A6842F0CC
:1097600001021A600020704701207047000001408C
:10977000070001007047704770477047036870B575
:10978000DD6804461E69B2070DD5A9070BD56FF039
:1097900002021A61012202779B699A0775D0FFF7CE
:1097A000EAFF00232377730710D568070ED52368D7
:1097B0006FF0040220461A61022222779B6913F49B
:1097C000407F68D0FFF7D7FF0023237731070FD5FD
:1097D0002A070DD523686FF0080220461A6104227B
:1097E0002277DB699B075CD0FFF7C5FF0023237757
:1097F000F10610D5EA060ED523686FF01002204658
:109800001A6108222277DB6913F4407F4FD0FFF7FB
:10981000B2FF00232377F30708D5E80706D52368AE
:109820006FF0010220461A61F9F782F916F4025F1F
:1098300008D0290606D523686FF4025220461A6123
:1098400000F0D9FAF20508D52B0606D523686FF487
:10985000807220461A6100F0CFFA700608D56906BA
:1098600006D523686FF0400220461A61FFF785FF96
:10987000B20622D5AB0620D523686FF02002204621
:109880001A61BDE8704000F0B5BAFFF773FF2046DB
:10989000FFF772FF85E7FFF76DFF2046FFF76CFFCC
:1098A00092E7FFF767FF2046FFF766FF9EE7FFF7A7
:1098B00061FF2046FFF760FFABE770BD274A0368F2
:1098C000904212D0B0F1804F0FD0A2F57C4290426E
:1098D0000BD002F58062904207D002F58062904280
:1098E00003D002F57842904208D123F070034A6811
:1098F000134323F44073CA6813430AE0184A9042A2
:10990000F7D002F580629042F3D002F58062904277
:10991000EFD04A6923F0800313438A68C2620A6861
:1099200082620E4A90420FD002F5806290420BD0C4
:1099300002F57052904207D002F58062904203D047
:1099400002F58062904201D10A690263026842F026
:10995000040202600122426103607047000001407E
:109960000040014010B5044650B390F83D3003F07C
:10997000FF021BB980F83C20FAF76CFE0223206836
:10998000211D84F83D30FFF799FF0123002084F862
:10999000483084F83E3084F83F3084F8403084F812
:1099A000413084F8423084F8433084F8443084F8FD
:1099B000453084F8463084F8473084F83D3010BD97
:1099C0000120FCE710B5044650B390F83D3003F099
:1099D000FF021BB980F83C20FAF700FE0223206842
:1099E000211D84F83D30FFF769FF0123002084F832
:1099F000483084F83E3084F83F3084F8403084F8B2
:109A0000413084F8423084F8433084F8443084F89C
:109A1000453084F8463084F8473084F83D3010BD36
:109A20000120FCE7036A026A23F0200322F01002FF
:109A300070B50262446882690D6822F0807222F477
:109A4000E64242EA05228D6843EA0513134DA84217
:109A50000FD005F58065A8420BD005F57055A842DA
:109A60000FD124F44065D1E90546344345EA840426
:109A70000EE023F08003CD6843EA051323F0400392
:109A8000EFE7074DA842ECD005F58065A842E8D085
:109A9000446082614A688263036270BD00000140D5
:109AA0000044014038B590F83C300446012B73D097
:109AB00001200C2A84F83C004ED008D8042A2BD070
:109AC000082A39D0BAB1002384F83C3038BD102AB6
:109AD00052D0142AF7D12068FFF7DAFD0A69436DE6
:109AE00043F400634365436D23F480634365436D32
:109AF00043EA02234EE02068FFF7E8FC0A69836925
:109B000043F008038361836923F00403836183695D
:109B1000134383610020D6E72068FFF783FF0A69BB
:109B2000836943F400638361836923F48063836101
:109B3000836943EA0223ECE72068FFF701FD0A6925
:109B4000C36943F00803C361C36923F00403C3611D
:109B5000C3691343C361DDE72068FFF731FD0A697C
:109B6000C36943F40063C361C36923F48063C361C1
:109B7000C36943EA0223EDE72068FFF755FD0A6950
:109B8000436D43F008034365436D23F004034365CD
:109B9000436D13434365BDE7022097E710B501F01D
:109BA0001F010124036A8C408A4023EA04030362F4
:109BB000036A1A43026210BD082908B518D005D8F7
:109BC00059B1042911D090F8433008E00C2912D083
:109BD0001029F8D190F8423001E090F83E30013B76
:109BE00018BF012353B1012041E090F83F30F6E760
:109BF00090F84030F3E790F84130F0E708294FF053
:109C0000020338D006D861B1042931D0022380F88C
:109C1000433008E00C2931D01029F7D180F84230C8
:109C200001E080F83E3000680122FFF7B7FF244BC7
:109C300098420FD003F5806398420BD003F5705320
:109C4000984207D003F58063984203D003F5806300
:109C5000984216D1436C43F400434364184B984236
:109C600027D18268174B1340062B1AD1002008BD5C
:109C700080F83F30D7E780F84030D4E780F84130B3
:109C8000D1E7B0F1804FECD00F4B9842E9D003F50B
:109C900080639842E5D003F580639842E1D00B4B96
:109CA0000BE0B3F5803FE1D0036843F001030360AC
:109CB000DCE7074B9842D4D0064B9842D1D0F3E76B
:109CC00000000140070001000004004000180040AF
:109CD0000004014000400140FFF76EBF70B590F8EE
:109CE0003C3004460220012B3BD023681D4D84F8F4
:109CF0003D00AB425A68986802D01B4EB34203D174
:109D000022F470024E6832430E6822F07002AB42B9
:109D100042EA06025A6019D0B3F1804F16D0134AB6
:109D2000934213D002F5806293420FD002F5806215
:109D300093420BD002F57842934207D0A2F56C42D1
:109D4000934203D002F59432934204D1896820F003
:109D500080020A439A600123002084F83D3084F891
:109D60003C0070BD000001400004014000040040C0
:109D700010B590F83C300246012B37D0CB6888688C
:109D800023F440731A4C0343486823F4806303436D
:109D9000086823F400630343086923F480530343F2
:109DA000486923F400530343886A23F48043034340
:109DB000886923F4702343EA00431068A04203D06B
:109DC00004F58064A0420CD14C6A23F4700343EA8A
:109DD0000453CC69096A23F08073234323F0007392
:109DE0000B434364002082F83C0010BD0220FCE7D6
:109DF00000000140704770477047000010B50268CE
:109E000052E8003F23F4907342E8003102680029D1
:109E1000F5D10F4C02F1080353E8003F234002F153
:109E2000080C4CE800310029F4D1C36E012B07D196
:109E300052E8003F23F0100342E800310029F7D137
:109E40002023C0F88C300023C366436710BD00BFD9
:109E5000FEFFFFEF704708B5806B0023A0F85E306F
:109E6000F8F756FE08BD704703682DE9F041D9693F
:109E700040F60F061A68044631429D6810D18E06DE
:109E800040F1978002F0200605F080573E4300F035
:109E90009080436F002B00F08580BDE8F0411847AB
:109EA000A64EA7482E401040304300F08280CF07D6
:109EB00009D5D00507D501201862D4F8900040F0EC
:109EC0000100C4F890008F0709D5E80707D50220E4
:109ED0001862D4F8900040F00400C4F890004F07D6
:109EE00009D5E80707D504201862D4F8900040F09F
:109EF0000200C4F890000F070BD502F02000304399
:109F000007D008201862D4F8900040F00800C4F888
:109F100090000E050AD5500108D54FF40060186274
:109F2000D4F8903043F02003C4F89030D4F8903047
:109F3000002B37D08B0609D502F0200205F08055A2
:109F40002A4303D0636F0BB120469847266820460A
:109F5000D4F89020B36802F0280203F0400353EADB
:109F6000020521D0FFF74AFFB3685F0617D52268C4
:109F700002F1080353E8003F23F04003083242E8AF
:109F800000310029F3D1D4F8800040B16D4B036556
:109F9000FBF788FC30B1D4F88000036D7DE72046E4
:109FA000F8F7B6FDBDE8F081F8F7B2FDC4F89050BF
:109FB000F8E7E06E012840F0B580CE0640F1B280AF
:109FC000D00640F1AF801022B4F85C001A629A68A3
:109FD000520677D5D4F880505B492A688A421ED051
:109FE00018318A421BD018318A4218D018318A425F
:109FF00015D018318A4212D018318A420FD0183148
:10A000008A420CD018318A4209D001F556718A4231
:10A0100005D018318A4202D018318A42FFD05168E7
:10A0200089B2002943D0814241D2EA69A4F85E1086
:10A03000B2F5807F2FD053E8002F22F4807243E8DE
:10A0400000210029F7D103F1080252E8002F22F085
:10A05000010203F1080040E800210029F3D103F1D7
:10A06000080252E8002F22F0400203F1080040E805
:10A0700000210029F3D12022C4F88C20E16653E8A6
:10A08000002F22F0100243E800210029F7D1D4F874
:10A090008000FBF7F3FA0223B4F85C102367B4F8EE
:10A0A0005E30C91A89B22046FFF7DDFE7AE78142A9
:10A0B0007FF478AFEB69B3F5807F7FF473AF022351
:10A0C0002367F0E7B4F85E20B4F85E1092B289B26C
:10A0D00000293FF467AF801A81B200293FF462AFD4
:10A0E00053E8002F22F4907243E800200028F7D1B3
:10A0F000164D03F1080252E8002F2A4003F108062A
:10A1000046E800200028F4D120226067C4F88C20A3
:10A11000E06653E8002F22F0100243E800200028F8
:10A12000F7D1CCE7CF0213D56E0211D54FF48012D0
:10A1300020461A62BDE8F04100F06EBE010000103A
:10A1400020010004579E000810000240FEFFFFEFB0
:10A1500008060BD502F0800005F40005284305D061
:10A16000A36F002B3FF41EAF204696E64F0611D595
:10A1700056060FD553E8002F22F0400243E8002195
:10A180000029F7D120232046A167C4F88830FFF7C3
:10A1900061FE07E70D0206D5500004D52046BDE854
:10A1A000F04100F03BBECB017FF5FCAE002ABFF6CC
:10A1B000F9AE2046BDE8F04100F02FBED0F88C206B
:10A1C000B0F86010222A08B5036855D15B6A826D29
:10A1D0000B401370836D01338365B0F85E30013B33
:10A1E0009BB2A0F85E30B0F85E309BB2002B42D13B
:10A1F000026852E8003F23F4907342E8003103689C
:10A200000029F5D103F1080252E8002F22F00102E3
:10A2100003F1080C4CE800210029F3D1202241670A
:10A22000C0F88C20174A0167934205D1C26E012AFB
:10A230000ED0F8F709FC1EE05A681102F6D553E873
:10A24000002F22F0806243E800210029F7D1EDE7DA
:10A250000022C26653E8002F22F0100243E80021DA
:10A260000029F7D1DA69D20601D510221A62B0F8B6
:10A270005C10FFF7F8FD08BD9A6942F008029A6188
:10A28000F9E700BF000C0058D0F88C20B0F860103F
:10A29000222A08B5036852D15A6A1140826D22F809
:10A2A000021B8265B0F85E20013A92B2A0F85E20EF
:10A2B000B0F85E2092B2002A40D153E8002F22F479
:10A2C000907243E800210029F7D103F1080252E817
:10A2D000002F22F0010203F1080C4CE800210029B4
:10A2E000F3D120224167C0F88C20174A01679342BE
:10A2F00005D1C26E012A0ED0F8F7A6FB1EE05A68FF
:10A300001102F6D553E8002F22F0806243E80021C5
:10A310000029F7D1EDE70022C26653E8002F22F0B2
:10A32000100243E800210029F7D1DA69D20601D5ED
:10A3300010221A62B0F85C10FFF795FD08BD9A690B
:10A3400042F008029A61F9E7000C005803682DE911
:10A35000F047DD690446D3F800809E68D0F88C2071
:10A36000B0F86070222A40F0B580B0F86830002B59
:10A3700000F08B804FF0000906F001064FF0040A50
:10A38000AB0640F182802368A26D5B6A3B4013708C
:10A39000A36D0133A365B4F85E30013B9BB2A4F812
:10A3A0005E302368DD6968072AD0E9070AD518F40A
:10A3B000807F07D001221A62D4F8902042F0010277
:10A3C000C4F89020AA0708D53EB102221A62D4F838
:10A3D000902042F00402C4F89020680708D53EB1EE
:10A3E000C3F820A0D4F8903043F00203C4F89030B2
:10A3F000D4F8903023B12046F8F78AFBC4F8909047
:10A40000B4F85E309BB2002BBAD1226852E8003F0C
:10A4100023F4807342E8003123680029F5D13048E5
:10A4200003F1080252E8002F024003F1080545E855
:10A4300000210029F4D120226167C4F88C20294A28
:10A44000216793420AD05A68110207D553E8002FBA
:10A4500022F0806243E800210029F7D1E26E012A50
:10A4600034D10022E26653E8002F22F0100243E8C4
:10A4700000210029F7D1DA69D20601D510221A622B
:10A48000B4F85C102046FFF7EEFCB4F85E309BB2E7
:10A49000D3B1B4F868209A4216D9226802F10803B1
:10A4A00053E8003F23F08053083242E8003122682D
:10A4B0000029F2D10C4B636752E8003F43F02003C0
:10A4C00042E800310029F7D1BDE8F0872046F8F7CF
:10A4D000BBFADAE79A6942F008029A61F4E700BF32
:10A4E000FEFFFFEF000C0058BDA1000803682DE936
:10A4F000F047DD690446D3F800809E68D0F88C20D0
:10A50000B0F86070222A40F0B280B0F86830002BBA
:10A5100000F088804FF0000906F001064FF0040AB1
:10A52000AB067FD52368A26D596A394022F8021B19
:10A53000A265B4F85E20013A92B2A4F85E20DD690B
:10A5400068072AD0E9070AD518F4807F07D00122CE
:10A550001A62D4F8902042F00102C4F89020AA07B1
:10A5600008D53EB102221A62D4F8902042F00402CB
:10A57000C4F89020680708D53EB1C3F820A0D4F8ED
:10A58000903043F00203C4F89030D4F8903023B1F7
:10A590002046F8F7BDFAC4F89090B4F85E309BB24C
:10A5A000002BBDD1226852E8003F23F4807342E8BB
:10A5B000003123680029F5D12F4803F1080252E841
:10A5C000002F024003F1080545E800210029F4D1DD
:10A5D00020226167C4F88C20284A216793420AD060
:10A5E0005A68110207D553E8002F22F0806243E831
:10A5F00000210029F7D1E26E012A34D10022E2665F
:10A6000053E8002F22F0100243E800210029F7D17F
:10A61000DA69D20601D510221A62B4F85C1020461D
:10A62000FFF721FCB4F85E309BB2D3B1B4F86820D8
:10A630009A4216D9226802F1080353E8003F23F03A
:10A640008053083242E8003122680029F2D10C4BD5
:10A65000636752E8003F43F0200342E800310029DD
:10A66000F7D1BDE8F0872046F8F7EEF9DAE79A6906
:10A6700042F008029A61F4E7FEFFFFEF000C005879
:10A6800089A200080268C369816830B50446006980
:10A69000156887B0014360690143A5481943284004
:10A6A0000143E0681160516821F440510143A06901
:10A6B0005160A0498A421CBF216A0843916821F079
:10A6C0006E4121F430610143606A9160D16A21F0EA
:10A6D0000F010143D16298498A4212D1974A526DC3
:10A6E00002F03802182A00F001813BD8082A00F055
:10A6F000F580102A00F03A81002A00F0E98001205C
:10A700006AE08F498A420DD18C4A526D02F00702ED
:10A71000052AF4D8DFE812F07E00E2002A01EA0000
:10A7200007012B0087498A42EED087498A42EBD045
:10A7300086498A42E8D086498A42CFD085498A42F2
:10A74000E2D085498A42DFD07A4B9A42D7D17B4A00
:10A75000936D03F00703052BD1D8DFE803F03845EC
:10A760004A4F590F202A00F0DE80282AC7D1B3F5BE
:10A77000004F00F08A804FF40040C4E04FF40040E6
:10A78000764B626A656833F8122005EB4501B0FB31
:10A79000F2F39942B3D8B3EB053FB0D80023194682
:10A7A000F5F7C2FF2A4609026B0841EA1061000270
:10A7B000C0184FF0000341F10001F5F7B5FF684BF9
:10A7C000A0F540729A429AD82368D86003E0FDF75A
:10A7D0004BFE0028D4D100204FF00113A3660023C4
:10A7E000C4E91D3307B030BD6846FDF74FFE019840
:10A7F000EFE703A8FDF7F4FE0498EAE71368594869
:10A8000013F0200FBCD01368C3F3C103D840B7E7DF
:10A810005548B5E7B3F5004F55D10023082B3FF657
:10A820006EAF01A252F823F055A8000861A80008F5
:10A83000FFA60008FFA6000867A80008FFA60008FA
:10A84000FFA60008FFA6000871A800080423E5E79A
:10A850000823E3E7FDF712F80346002BBBD014E012
:10A86000FDF71EF8F8E76846FDF710FE019BF4E7D8
:10A8700003A8FDF7B5FE049BEFE713F0200F394B5B
:10A8800003D01268C2F3C102D340606A334A6168E0
:10A8900032F81020B3FBF2F34A0802EB43034FF601
:10A8A000EF72B3FBF1F3A3F1100191423FF627AF32
:10A8B00023F00F02C3F34203216892B21343CB602B
:10A8C00089E7294BE1E7FCF7D9FF002883D01AE09C
:10A8D000B3F5004FC4D0FCF7E3FFF6E7B3F5004F44
:10A8E000B4D06846FDF7D2FD0198EEE7B3F5004F0E
:10A8F000124A1368C1D013F0200F1A4803D013680E
:10A90000C3F3C103D840616A144A636832F8112066
:10A91000B0FBF2F000EB5300B0FBF3F04FF6EF7337
:10A92000A0F110024EE7B3F5004FCAD00E48EAE797
:10A93000F369FFCF000C005800100140004402589A
:10A940000044004000480040004C004000500040DF
:10A950000014014000780040007C0040B02B01084A
:10A96000FFFC0F000090D00300093D00B3F5004F3D
:10A970003FF46EAF03A8FDF733FE0498A5E700BFD0
:10A98000836A1A0710B506D50168846B4A6822F4F9
:10A99000004222434A60DC0706D50168C46A4A685F
:10A9A00022F4003222434A60990706D50168046BFD
:10A9B0004A6822F4803222434A605A0706D5016869
:10A9C000446B4A6822F4802222434A60DC0606D5A2
:10A9D0000168C46B8A6822F4805222438A60990617
:10A9E00006D50168046C8A6822F4005222438A600A
:10A9F0005A0610D50168446C4A68B4F5801F22F4E9
:10AA0000801242EA04024A6005D14A68846C22F44A
:10AA1000C00222434A601B0606D50268C16C536817
:10AA200023F400230B43536010BD2DE9F843DDF8F8
:10AA3000209004460D46174698462268D36935EAA9
:10AA400003030CBF01230023BB4201D0002022E0FE
:10AA5000B9F1FF3FF2D0FAF73FF9A0EB0800484503
:10AA600029D8B9F1000F26D021680B685A07E4D520
:10AA7000802DE2D0402DE0D0CE6916F008060CD033
:10AA8000082520460D62FFF7B9F900230120C4F81C
:10AA9000905084F88430BDE8F883CB691B05CCD591
:10AAA0004FF4006320460B62FFF7A8F9202384F8D7
:10AAB0008460C4F890300320EDE72DE9F743984611
:10AAC000D0F8883004460E46202B174646D1002980
:10AAD00046D0002A44D021230025C0F89050C0F869
:10AAE0008830FAF7F9F8A3688146A4F85470B3F5F2
:10AAF000805FA4F8567003D123690BB935461E4612
:10AB0000B4F856204B46CDF8008092B242B94021AD
:10AB10002046FFF78AFF202348B9C4F8883009E0AF
:10AB2000002280212046FFF780FF30B12023032040
:10AB3000C4F8883003B0BDE8F08322685EB935F808
:10AB4000023BC3F308039362B4F85620013A92B271
:10AB5000A4F85620D4E716F8013BF4E70220E9E711
:10AB60000120E7E773B500260446C0F89060FAF7C5
:10AB7000B3F8236805461B681A071CD56FF07E439F
:10AB800032464FF40011009303462046FFF74DFF75
:10AB900088B1226852E8003F23F0800342E8003188
:10ABA0000029F6D12023C4F888300320002384F83C
:10ABB000843002B070BD23681B685B0724D56FF03A
:10ABC0007E4300224FF48001204600932B46FFF77E
:10ABD0002CFFC8B1226852E8003F23F4907342E88A
:10ABE000003122680029F5D102F1080353E8003F43
:10ABF00023F0010302F1080040E800310029F3D1FD
:10AC00002023C4F88C30D0E720230020C4F88830FB
:10AC1000C4F88C30E0662067C8E710B5044650B32E
:10AC2000D0F888301BB980F88430F9F737FF242337
:10AC30002268C4F88830136823F001031360A36A04
:10AC400013B12046FFF79CFE2046FFF71BFD0128AD
:10AC500011D0236820465A6822F490425A609A68BC
:10AC600022F02A029A601A6842F00102BDE8104000
:10AC70001A60FFF777BF012010BD000030B5816575
:10AC800000238168A0F85C20B1F5805FA0F85E2009
:10AC9000436731D10369002B40F2FF1318BFFF2334
:10ACA000A0F860300023C0F890302223C0F88C3028
:10ACB000016801F1080353E8003F43F00103083144
:10ACC00041E800340368002CF2D1456E8468B5F188
:10ACD000005F016935D1B0F86850954231D8B4F5BC
:10ACE000805F29D1C1B1264A426753E8002F42F460
:10ACF000807243E8002121E029B90369002B0CBFD1
:10AD0000FF237F23CCE7B1F1805FC9D10369002B1A
:10AD10000CBF7F233F23C3E71A4A426703F10802AF
:10AD200052E8002F42F0805203F1080040E8002171
:10AD30000029F3D1002030BD114A42670029D4D147
:10AD4000ECE7B4F5805F16D151B10F4A426753E882
:10AD5000002F42F4907243E800210029F7D1E9E77F
:10AD60000A4A426753E8002F42F0200243E80021DC
:10AD70000029F7D1DEE7044A42670029F2D0E6E76E
:10AD80004DA30008EDA40008BDA1000889A2000899
:10AD9000D0F88C30202B30B415D1B9B1B2B100232A
:10ADA0000468C3660A4B9C420AD063681B0207D53D
:10ADB00054E8003F43F0806344E80035002DF7D1AC
:10ADC00030BCFFF75BBF022030BC70470120FBE7BF
:10ADD000000C0058436E30B52BB90123A0F86A303F
:10ADE000A0F8683030BD0368094D9A689968094C2D
:10ADF000C2F34262490F6B5C615C1B01B3FBF1F370
:10AE0000A0F86A30AB5CA25C1B01B3FBF2F3E7E78E
:10AE1000D02B0108C82B010870477047704790F885
:10AE20008430012B14D002682423C0F888301168C4
:10AE3000136821F0005123F00103136000234366DF
:10AE40001160202280F88430C0F8882018467047AE
:10AE50000220704770B590F884300446012B17D05B
:10AE600005682423C0F888302E682B6823F001037E
:10AE70002B60AB6823F060431943A960FFF7AAFF7A
:10AE800020232E60C0F88830002084F8840070BD34
:10AE90000220FCE770B590F884300446012B17D0EF
:10AEA00005682423C0F888302E682B6823F001033E
:10AEB0002B60AB6823F060631943A960FFF78AFF3A
:10AEC00020232E60C0F88830002084F8840070BDF4
:10AED0000220FCE782B0002302460193019B01336C
:10AEE0000193019BB3F1706F15D81369002BF5DA4C
:10AEF00000230193136943F001031361019B0133A4
:10AF00000193019BB3F1706F05D8106910F0010037
:10AF1000F4D102B070470320FBE784B038B505AD2B
:10AF2000044685E80E009DF81930012B31D1836B62
:10AF300023F480338363C36823F4840323F0400342
:10AF4000C360C36823F44013C3609DF82030012B15
:10AF500003D1C36843F48013C3602046FFF7BAFFF0
:10AF60009DF81630012B10D1E36D9BB2E365E36DC4
:10AF700043F07B7343F40033E365A36843F00603B7
:10AF8000A360A36843F02003A360BDE8384004B089
:10AF90007047C36843F04003C360FFF79BFF9DF811
:10AFA0001D3023B9A36B43F48033A363D8E7A36BAD
:10AFB00023F48033F9E70000022A4AD1274B284ABC
:10AFC0000B44934239D9274B274A0B44934236D935
:10AFD000A1F57403254AA3F51053934231D9A1F189
:10AFE0008373234AA3F5E74393422CD3214B224A90
:10AFF0000B44934229D9214B214A0B44934226D337
:10B00000204B214A0B44934223D3A1F1B7731F4A2B
:10B01000A3F5585393421ED31D4B1E4A0B44934233
:10B020002CBF06230723C26822F47052C260C26894
:10B0300042EA8323C360002070470F23F3E70E2307
:10B04000F1E70D23EFE70C23EDE70B23EBE70A23F2
:10B05000E9E70923E7E70823E5E700BF405327FFB7
:10B06000FF340C00401E1BFF3F420F007F4F1200B9
:10B0700020D6130060B6E5FE5FE3160000D3CEFED7
:10B0800040771B00C05BB3FEC091210020753800E3
:10B09000E05459FEE09C4100836843F00103836063
:10B0A00000207047836823F001038360002070470D
:10B0B00038B5C368012905460C4623F0C043C36078
:10B0C00013D1C368002443F00053C3600A200A343C
:10B0D000F9F708FE6B69D90702D4C82CF6D1C82449
:10B0E000A4F1C8035842584138BD69B9C36843F058
:10B0F0008043C3600A200A34F9F7F4FD6B69DA076C
:10B10000EED5C82CF6D1EAE70120EDE782B00023A6
:10B1100002460193019B01330193019BB3F1706FD0
:10B1200015D81369002BF5DA8901002341F02001BD
:10B1300001931161019B01330193019BB3F1706F86
:10B1400005D8106910F02000F4D102B07047032038
:10B15000FBE782B0002302460193019B0133019378
:10B16000019BB3F1706F13D81369002BF5DA00233C
:10B17000019310231361019B01330193019BB3F1F0
:10B18000706F05D8106910F01000F4D102B070474C
:10B190000320FBE7D0F800381943C0F8001800205E
:10B1A0007047000084B02DE9F843044609A880E800
:10B1B0000E0000239DF824609DF82E50194603F1DF
:10B1C0004002013304EB82020F2B5160F7D104F5EA
:10B1D0000067002D6CD17B6843F002037B60A36B9A
:10B1E00023F40013A363236843F040032360236820
:10B1F00043F0800323600023C4F8003E9DF829300B
:10B20000012B5CD19DF82710002956D120464FF61E
:10B210007F38FFF7BFFF10212046FFF777FF014679
:10B220002046FFF796FF0843002304F51062C0B2E2
:10B230004FF0904C19464FF0006E00383B617B6137
:10B2400018BF0120FB619E423BD8002204F5306309
:10B250004FF0904C4FF0006E11464FF67F389642FB
:10B2600042D83B6923F480733B610023A3616FF0F4
:10B27000804363619DF826301BB9A36943F0100336
:10B28000A361A269224B1343A3619DF82A301BB12D
:10B29000A36943F00803A361012D05D1A36943F01D
:10B2A000804343F00403A361BDE8F84304B0704752
:10B2B000A36B43F40013A3639DE71946A6E703219C
:10B2C000A4E7D2F80090B9F1000F0BDA3BB9C2F84D
:10B2D00000E011610133C2F808802032B3E7C2F800
:10B2E00000C0F6E71160F4E7D3F80090B9F1000F61
:10B2F0000BDA3AB9C3F800E019610132C3F80880EB
:10B300002033ACE7C3F800C0F6E71960F4E700BFEC
:10B3100000383C80D0F8083813F0060004D013F051
:10B32000020F14BF02200F20704730B50C780122A5
:10B3300000F5006304F00F0500EB4410AA404D78BF
:10B34000012D19D1DD692A43DA61D0F800391A04D8
:10B3500010D48A68D0F80059C2F30A030A792B4343
:10B3600043EA824343EA845343F0805343F4004367
:10B37000C0F80039002030BDDC6944EA0242DA61DD
:10B38000D0F8003B1B04F5D48B68D0F8002BC3F336
:10B390000A0313430A7943EA824343F0805343F498
:10B3A0000043C0F8003BE5E710B50A78497800EBA8
:10B3B000421300F50060012902F00F0222D1D3F8F8
:10B3C000001900290BDAD3F8001941F00061C3F825
:10B3D0000019D3F8001941F08041C3F80019012188
:10B3E000C46B01FA02F224EA0204C463C16921EACF
:10B3F0000202C261154AD3F800190A40C3F80029B5
:10B40000002010BDD3F8001B00290BDAD3F8001B75
:10B4100041F00061C3F8001BD3F8001B41F08041EC
:10B42000C3F8001B4FF48031C46B01FA02F224EA26
:10B430000204C463C16921EA0202C261044AD3F86A
:10B44000001B0A40C3F8002BDAE700BF007833EC9A
:10B450000078F3EF002382B04A780193012A0B7839
:10B460004FEA43131ED100F51060C258C118002ADC
:10B4700002DB002002B07047C25842F00062C250A6
:10B48000C25842F08042C25042F21072019B013316
:10B490000193019B934201D90120EBE70B68002B3C
:10B4A000F4DBE6E700F53060C258C118002AE0DAA4
:10B4B000C25842F00062C250C25842F08042C250AC
:10B4C00042F21072019B01330193019B9342E3D836
:10B4D0000B68002BF6DBCCE710B59DF8084044B9AB
:10B4E000033301329B0800EB023001EB83039942E6
:10B4F00001D1002010BD51F8042B0260F7E70000D5
:10B500002DE9F3414B7816460A78012B0C6900EBC4
:10B5100042150F79DFF8E4E1DFF8E48140F098802C
:10B5200005F5106CDCF8103074BB03EA0E03CCF8A0
:10B530001030DCF8103043F40023CCF81030DCF885
:10B54000103003EA0803012ECCF8103058D1CB6933
:10B550000BB1CCF81430012F0CD1D0F8083813F40B
:10B56000807FD5F800390CBF43F0005343F080537F
:10B57000C5F80039D5F8003943F00443C5F800395F
:10B58000002002B0BDE8F08103EA0803CCF81030D7
:10B59000DCF8103003EA0E03CCF810308B687AB96F
:10B5A000A34238BF0B61DCF8103043F40023CCF821
:10B5B00010300B69DCF81040C3F312032343C2E7D9
:10B5C0001C44DCF810E0012F04F1FF34B4FBF3F469
:10B5D000494B1FFA84F803EAC44444EA0E04CCF849
:10B5E0001040E6D1DCF8103023F0C043CCF8103026
:10B5F0004FEA4873DCF8104003F0C0432343D6E71A
:10B60000D5F80039012F43F00443C5F800390B6920
:10B610000BD0002BB4D002F00F020123D0F8341865
:10B6200093400B43C0F83438AAE7D0F808489BB2DF
:10B6300014F4807FD5F800490CBF44F0005444F066
:10B640008054C5F800490096C968FFF745FF97E7A1
:10B65000D5F8103B05F5306C03EA0803CCF8103040
:10B66000DCF8103003EA0E03CCF810308B685ABBBC
:10B6700004B10B610B62DCF81020C3F31203134317
:10B68000CCF81030DCF8103043F40023012ECCF855
:10B69000103003D1CB680BB1CCF81430012F0CD192
:10B6A000D0F8083813F4807FD5F8003B0CBF43F086
:10B6B000005343F08053C5F8003BD5F8003B43F0FE
:10B6C0000443C5F8003B5BE7002CD4D01C440A4A75
:10B6D000DCF810E0013CB4FBF3F4A4B202EAC4428B
:10B6E000634342EA0E020B62C3F31203CCF810204C
:10B6F000DCF810201343C9E70000F81FFFFF07E044
:10B700000000F8FF0346002070B5940803F580554B
:10B7100002F00302A04210D301EB840062B103F5F2
:10B7200080531C680023D90024FA01F1C15401336D
:10B7300099B28A42F7D1104470BD2E6841F820605A
:10B740000130E7E74A780B78012A00EB431012D169
:10B75000D0F80029002A06DB2BB1D0F8003923F0FD
:10B760008043C0F80039D0F8003943F40013C0F822
:10B77000003900207047D0F8002B002A06DB2BB1DF
:10B78000D0F8003B23F08043C0F8003BD0F8003BEA
:10B7900043F40013C0F8003BEBE70B784A7800EB6A
:10B7A00043100B79012AA3F10203DBB20FD1D0F8C9
:10B7B0000029012B22F40012C0F8002905D8D0F886
:10B7C000003943F08053C0F8003900207047D0F8AA
:10B7D000002B012B22F40012C0F8002BF5D8D0F872
:10B7E000003B43F08053C0F8003BEEE7D0F8003850
:10B7F000090123F4FE6301F4FE61C0F80038D0F8BB
:10B8000000381943C0F8001800207047D0F8003EF7
:10B8100023F00303C0F8003ED0F8043823F00203FD
:10B82000C0F8043800207047D0F8003E23F003032E
:10B83000C0F8003ED0F8043843F00203C0F80438E2
:10B84000002070474269806910407047D0F818386E
:10B8500000F50060C0691840000C7047D0F8183837
:10B8600000F50060C069184080B2704700EB4111DC
:10B8700000F50060D1F8082B406910407047D0F8FF
:10B880001028D0F8343800EB411001F00F0100F51A
:10B890001060CB408068DB01DBB213431840704777
:10B8A000406900F001007047D0F800396FF30A03D7
:10B8B000C0F80039D0F8043843F48073C0F8043875
:10B8C0000020704730B5056C00F530630F4CA54281
:10B8D00003D9D0F8004B002C16DB002401291C6191
:10B8E0001C6944F400241C611C6944F018041C61A8
:10B8F0001C6944F0C0441C6106D15A61D0F8003B79
:10B9000043F08023C0F8003B002030BD0A30544F84
:10B91000D0F8D432B03350F8233000201873704779
:10B920000A230380004870471801002410B58121C4
:10B930000446054800F05BFA08B10A23837122230C
:10B940000148238010BD00BF30010024FFF7EEBF87
:10B9500010B581210446054800F049FA08B10723D3
:10B96000837122230148238010BD00BF30010024D1
:10B97000D0F8D4320022B03350F8233013B5ADF8EC
:10B980000620002B4AD00A7812F060021DD0202A2F
:10B9900042D14A78023A092A3ED8DFE802F0130A77
:10B9A0003D3D3D3D3D3D0F058A781A60002002B0C7
:10B9B00010BD0122194600F0B4FCF7E74A88120ACC
:10B9C0005A60F3E70122191DF5E74A780B2A23D8BC
:10B9D00001A454F822F000BF09BA0008ADB900086C
:10B9E00019BA000819BA000819BA000819BA0008EB
:10B9F00021BA000819BA000819BA000819BA0008D3
:10BA000045BA000855BA000890F89C32032B03D1C0
:10BA100002220DF10601CEE700F05CFC0320C6E730
:10BA20004B881B0A222B05D1CA880E494A2A28BFF7
:10BA30004A22C0E7212BEFD1CA880B49092A28BF27
:10BA40000922B8E790F89C22032AE5D1012203F1EC
:10BA50000801B0E790F89C22032ADDD18A789A6029
:10BA6000A4E700BFCC0000242401002438B504461C
:10BA7000812100F03FFE0025D4F8D432A563B03315
:10BA800054F8230030B100F019FED4F8D432B033AA
:10BA900044F82350002038BD38B50446102000F08B
:10BAA00009FE0546D4F8D432B03344F8230008B96F
:10BAB000022038BD237C0322C4F8BC028121002B64
:10BAC000204614BF0A2307236387042300F006FEE1
:10BAD0000123002023872873EBE778B10023C0F807
:10BAE000B832C0F8C432C0F8D03209B1C0F8B412CC
:10BAF0000123027080F89C3200F09CBD0320704747
:10BB0000002313B50446ADF8063081B1CB6AC0F806
:10BB1000B81223B10DF106009847C4F8D002D4F84A
:10BB2000D83200200133C4F8D83202B010BD03204F
:10BB3000FBE700F0CABDD0F8B8320BB11B6818475C
:10BB40001846704708B5D0F8B8325B6898470028A7
:10BB500018BF032008BD38B500F2AA2504462846C0
:10BB600000F0ADFB012394F8AA12C4F89432B4F8A3
:10BB7000B032C4F8983201F01F03012B08D0022B19
:10BB80000CD08BB929462046BDE8384000F04CB9AE
:10BB900029462046BDE8384000F0BEBA2946204676
:10BBA000BDE8384000F0E7BA204601F08001BDE86A
:10BBB000384000F0A8BD70B50446164609BBD0F861
:10BBC0009432032B0CD1D0E9573293420AD99B1AF5
:10BBD00031469A42C0F85C3128BF1A4600F0B6FBE5
:10BBE000002070BD90F89C32032B06D1D0F8B832FB
:10BBF0001B6913B1C0F8D4129847204600F0AEFB81
:10BC0000EEE790F89C32032BEAD1D0F8B8329B696A
:10BC1000002BE5D00022BDE87040C0F8D4221847C0
:10BC200070B5044616460D4600293DD1D0F8943231
:10BC3000022B0ED1D0E90732934212D99A1A31461B
:10BC4000C26100F07BFB2B462A462946204600F0C5
:10BC50007EFD94F8A03213B1002384F8A0320020B6
:10BC600070BD0CD18269934209D8D0F898329A42BB
:10BC700005D20A4600F062FBC4F89852E3E794F854
:10BC80009C32032B08D1D4F8B832DB6823B10022F0
:10BC90002046C4F8D42298478021204600F033FD86
:10BCA000204600F066FBD4E790F89C32032BD6D1F7
:10BCB000D0F8B8325B69002BD1D00022BDE87040CB
:10BCC000C0F8D4221847F8B501230021044680F8B3
:10BCD0009C32D0F8B832C0F894124160C0F8A41277
:10BCE00080F8A012B3B90026002240250127402386
:10BCF0001146204600F0F2FC2B460022802120460F
:10BD0000A4F86471C4F8605100F0E8FC3046A784E0
:10BD10002562F8BD5B68002BE5D098470028E2D08B
:10BD20000326E1E701740020704790F89C32042B51
:10BD300004D090F89C32DBB280F89D32042380F866
:10BD40009C320020704790F89C32042B04D190F86C
:10BD50009D32DBB280F89C320020704708B590F825
:10BD60009C22032A05D1D0F8B83213B1DB6903B1A4
:10BD70009847002008BDD0F8D422AE3250F82220D7
:10BD800008B54AB190F89C32032B01D1136A0BB964
:10BD9000002008BD9847FBE70320FAE7D0F8D4223B
:10BDA000AE3250F8222008B54AB190F89C32032BED
:10BDB00001D1536A0BB9002008BD9847FBE7032067
:10BDC000FAE700207047012208B580F89C22D0F8DD
:10BDD000B8220AB9002008BD5268017990470028AE
:10BDE000F8D00320F7E7002070470020704710B517
:10BDF000428803789A4201D8002010BD047820447C
:10BE0000234444789BB2052CF4D184788C42F1D140
:10BE1000F3E710B50446802100F075FC00212046B0
:10BE2000BDE8104000F06FBC73B50B7804460D46BA
:10BE300003F06003202B09D0402B07D093B120469C
:10BE4000FFF7E7FF0025284602B070BDD4F8D432D2
:10BE500029462046AE3354F823309B6802B0BDE833
:10BE6000704018474B78092BE9D801A252F823F00B
:10BE7000B9C00008FDC000083FBE0008E1C00008CE
:10BE80003FBE0008B3BF000899BE00083FBE0008CF
:10BE90008DC00008F5BF00080023ADF806304B88C0
:10BEA0001A0A013A0E2ACAD801A151F822F000BF9D
:10BEB000F7BE000829BF000843BF00083FBE0008C6
:10BEC0003FBE000885BF00089BBF00083FBE0008BA
:10BED0003FBE00083FBE00083FBE00083FBE00084E
:10BEE0003FBE00083FBE0008EDBE0008D0F8B432E7
:10BEF000DB691BB9A3E7D0F8B4321B680DF106016A
:10BF0000207C9847EA88002A00F0A380BDF806301C
:10BF1000002B94D09A42014628BF1A46ADF806205D
:10BF2000204600F0FEF98DE7027CD0F8B83232B935
:10BF30009B6A0DF10600984702234370E2E7DB6A33
:10BF4000F7E7DBB2052B3FF67AAFDFE803F0030734
:10BF50000B0F1317D0F8B4325B68CAE7D0F8B432CD
:10BF60009B68C6E7D0F8B432DB68C2E7D0F8B432D9
:10BF70001B69BEE7D0F8B4325B69BAE7D0F8B432D7
:10BF80009B69B6E7037C002B7FF459AFD0F8B83239
:10BF90000DF106005B6B9847B4E7037C002B7FF440
:10BFA0004EAFD0F8B8320DF106001B6B984707234F
:10BFB000C3E78B88002B7FF442AFCB88002B7FF444
:10BFC0003EAF4D887F2D3FF63AAF90F89C32032B61
:10BFD0003FF435AFEDB2294680F89E5200F0A5FB44
:10BFE000204600F0BBF91DB1022384F89C3229E7FA
:10BFF0000123FAE78978474D0129297003D9FFF712
:10C0000008FF03251FE790F89C32022BDEB208D010
:10C01000032E17D0FFF7FDFE29782046FFF792FD8B
:10C02000EFE7B1B101214160FFF785FD05462046EC
:10C0300025B1FFF7EEFE84F89C6204E700F08EF96C
:10C040000323D2E749B90223416080F89C32FFF70D
:10C0500079FD204600F082F9F4E641680129F8D024
:10C06000C9B2FFF76FFD297820466160FFF763FDD5
:10C0700005460028EDD02046FFF7CBFE217920466B
:10C08000FFF760FD022384F89C32DCE6CA88012AAF
:10C090007FF4D5AE90F89C120229CBB207D8002BC2
:10C0A0003FF4CDAE0146002341F8083F38E7032BAB
:10C0B0007FF4C5AE011D33E790F89C32013B022BA3
:10C0C0003FF6BDAECA88022A7FF4B9AED0F8A432DA
:10C0D0000146002B0CBF0123032341F80C3F1FE74F
:10C0E0004B88012B02D1C4F8A432B2E7022B7FF4B3
:10C0F000A6AE8B881B0A80F8A032AAE790F89C3283
:10C10000013B022B3FF69BAE4B88012B7FF49AAE8E
:10C110000023E8E75862002470B50B7804460E4609
:10C1200003F060025B0601D5402A1FD194F89C32CF
:10C13000013B022B1AD831792046012917D8FFF785
:10C1400052FE88B9D4F8B8329B686BB1C4F8D402F7
:10C150003146204698470546F3881BB915B9204655
:10C1600000F0FCF8284670BD0325F5E720460025C1
:10C17000FFF74FFEF6E770B50B7804460E468A8847
:10C1800003F060030D79202B59D0402B57D01BB101
:10C190002046FFF73EFE3EE04B78012B3DD0032BBF
:10C1A00026D0002BF4D190F89C32022BD9B262D069
:10C1B0000329EDD105F00F0312F0800F4FF01402A8
:10C1C00002FB030368D09B8C002BE1D005F07F06B7
:10C1D000802D06F1010606EB860600EB860667D089
:10C1E0002946204600F054FA002866D0012360E07A
:10C1F00090F89C32022BDAB233D0032AC8D14B8894
:10C2000033B9690604D0F38813B9294600F07BFAE4
:10C21000204600F0A3F8002070BD90F89C32022B5D
:10C22000DAB21ED0032AB3D14B88002BF3D16B06B0
:10C2300002D0294600F070FA204600F08FF8294617
:10C240002046FFF7D2FD0028E5D1D4F8B832C4F873
:10C25000D4029B68002BDED031462046BDE87040FA
:10C2600018476A0694D0294600F04DFA80212046EE
:10C2700000F049FACFE769068AD113064FF00003B0
:10C280004FF002024CBF00F1140100F5AA710B60DF
:10C29000204600F046F8BEE7B3F86431002B3FF4C7
:10C2A00077AF142606FB050606F5AA76002D97D172
:10C2B0000023336002223146EAE73060FAE70B7868
:10C2C00003704B7843704B8843808B888380CB8886
:10C2D000C380704710B50446802100F014FA002195
:10C2E0002046BDE8104000F00EBA70B50D46164667
:10C2F000044670B1F4F754F8013CC3B20021013395
:10C300005B0033802B7003236B70022314F8012F22
:10C3100002B970BDEA545A1C0233D2B2DBB2A9543E
:10C32000F4E71346022210B5C0F894220A46002111
:10C33000C0E9063300F002FA002010BD08B513462C
:10C340000A46002100F0FAF9002008BD08B513469E
:10C350000A46002100F0FBF9002008BD08B50422C0
:10C360000023C0F8942219461A4600F0E7F900208D
:10C3700008BD08B505220023C0F8942219461A46C4
:10C3800000F0E5F9002008BD08B500220B490C4873
:10C39000FFF7A3FB08B1F6F72BFF0A490848FFF7A0
:10C3A000AFFB08B1F6F724FF0548FFF7C2FB08B161
:10C3B000F6F71EFFBDE80840FAF748BBC0010024AD
:10C3C0005C62002454010024122301480B80704752
:10C3D000AC010024042301480B807047A80100240D
:10C3E000002370B54D1C1E46040FB0F1204F4FEADC
:10C3F000001034BF3034373401F8134005F81360AF
:10C400000133DCB2A242EFD870BD00001A2310B590
:10C410000B800A4BD3F80008D3F8082880180AD0FC
:10C42000D3F8044808220649FFF7DAFF0422103146
:10C430002046FFF7D5FF034810BD00BF00E0F11F05
:10C440008E0100248C01002410B5044C0A460448D7
:10C450002146FFF74AFF204610BD00BF3865002483
:10C460006228010810B5044C0A4604482146FFF72B
:10C470003CFF204610BD00BF386500247528010828
:10C4800010B5044C0A4604482146FFF72EFF20460B
:10C4900010BD00BF386500248B28010810B5044C7E
:10C4A0000A4604482146FFF720FF204610BD00BF82
:10C4B000386500249628010830B5B9B00446142226
:10C4C000002103A801F0EEFFC022002108A801F01E
:10C4D000E9FF2268274B9A4249D14FF4802200237A
:10C4E00008A8CDE9082302230C22CDE91232032249
:10C4F0001493CDE915234FF4406317934FF40013C1
:10C500002A93FBF7CBFA08B1F6F772FE1A4CFAF74A
:10C510009DFA4FF4C0520025D4F8E03003A9174823
:10C5200043F00103C4F8E030D4F8E03003F0010335
:10C530000193019B0223CDE903230A23CDE905558D
:10C540000793F9F711FCD4F8D83065202A4629461C
:10C5500043F00063C4F8D830D4F8D83003F0006357
:10C560000293029BF8F7F2FB6520F8F721FC39B043
:10C5700030BD00BF000008400044025800000258CF
:10C5800000F29C41D0F8E004FFF7E5BA242303FB56
:10C590000103D0F8E004D3F86022FFF70CBB24239A
:10C5A00003FB0103D0F8E0041A6AFFF739BBD0F8A7
:10C5B000E004FFF7D3BB10B5C179044621B10229CD
:10C5C00001D0F6F715FE0121D4F8E004FFF7AAFB2D
:10C5D000D4F8E004BDE81040FFF775BB10B5044681
:10C5E000D0F8E004FFF7A1FB2268D2F8003E43F048
:10C5F0000103C2F8003EE37A23B1034A136943F012
:10C600000603136110BD00BF00ED00E0D0F8E004A8
:10C61000FFF799BBD0F8E004FFF7C0BBD0F8E00407
:10C62000FFF7A9BBD0F8E004FFF7CBBBD0F8E004DC
:10C63000FFF7C9BB08B50278034612BB1248C0F821
:10C64000E034C3F8C802114B428103600923C26081
:10C6500003714FF40073C38002234372F9F777FC30
:10C6600008B1F6F7C5FD80210748FAF7B2F9402274
:10C6700000210548FAF78EF9802201210248FAF7D5
:10C6800089F9002008BD00BF4C6700240000084065
:10C6900011F0800FD0F8C8324FF0240217BF01F01C
:10C6A0007F0102FB013302FB0133987D08BF93F841
:10C6B000560270470048704738670024704718B129
:10C6C00002280CBF01200320704708B5D0F8C8022B
:10C6D000F9F7AAFCBDE80840FFF7F1BF10B5144612
:10C6E000D0F8C8021A462346F9F7D0FCBDE810403E
:10C6F000FFF7E5BF08B5D0F8C802F9F700FDBDE8BF
:10C700000840FFF7DCBF08B5D0F8C802F9F75DFDB7
:10C71000BDE80840FFF7D3BF08B5D0F8C802F9F765
:10C720008BFDBDE80840FFF7CABF08B5D0F8C802C6
:10C73000F9F799FCBDE80840FFF7C1BF08B5D0F88C
:10C74000C802F9F728FDBDE80840FFF7B8BF08B5F3
:10C75000D0F8C802F9F701FDBDE80840FFF7AFBF08
:10C76000002100F0C1BD0A22002100F045BE70B5D5
:10C7700004460D46164645EC104B03F06BFD7EB1AA
:10C78000C5F30A53C3F16B03002B09DD1B0503F14D
:10C790007F51002001F5401141EC170B20EE070BF3
:10C7A00070BD0000000000002DE9F04F2DED0A8B58
:10C7B00097B088460E920022129205904FF0000A20
:10C7C0004FF0000B0A46119211782B294CD039D822
:10C7D0000D2933D8082933D800293CD000220892EB
:10C7E000119D2A78302A40F0B7806A7802F0DF0283
:10C7F000582A70D10293089B019312AB0093904A80
:10C80000059813AB11A902F01FFE10F00F060446A5
:10C8100005D0062E2AD101350023119508930E9BD1
:10C82000002B40F03785089B4BEC10ABCBB1B1EE41
:10C83000400B17B0BDEC0A8BBDE8F08F2029CDD19D
:10C840000132C0E72D29C9D101210891511C119154
:10C850005278002AC4D10E9BCDF84480002B40F0C2
:10C8600017854BEC10ABE4E70021EEE7129A3AB1E2
:10C87000352114A803F0E5FD1299059803F0BEF9DF
:10C88000731E139A042B06D8DFE803F014031D204F
:10C890001400DDE914ABE30548BF4BF0004B2BF06F
:10C8A00000431B0D1B05002BB9D101F0CBFE222349
:10C8B0000360B4E7DDE914A302F2334223F48013EA
:10C8C00043EA025BE7E7DFF880B1E4E76FF0004B93
:10C8D0004FF0FF3ADFE7119B5A1C11925B78302B27
:10C8E000F9D0002B9BD001230793119B0A930023BF
:10C8F000069399461D460A2211980478A4F1300344
:10C90000D9B209292AD94F49012201F0E2FD98B391
:10C91000002022462B4607460146652A01D0452ABB
:10C9200018D11BB9079B034395D00023DDF8448041
:10C9300008F10102119298F801202B2A74D02D2AB7
:10C940007AD04FF0000EA2F13004092C40F2828020
:10C95000CDF8448000249DE00023C5E7082DC8BF22
:10C96000069900F10100CABF02FB013302FB09393D
:10C97000069301351190BFE7119B5A1C11925A780A
:10C98000BDB307462B46A2F13001092912D9012176
:10C99000C3E7119B5A1C11925A780130302AF8D003
:10C9A000A2F13103082B00F27A84119B0A93074607
:10C9B00000200346303A00F1010114D00F449C4698
:10C9C0004FF00A0E0CF10104E61AB14213DC20EA22
:10C9D000E0701918082903F10103034419DC0A2146
:10C9E00001FB09290021119A501C11905278084628
:10C9F000C9E72846D2E7BCF1080F03DC0EFB09F9B2
:10CA0000A446DFE7102CDEBF069E0EFB06F6069658
:10CA1000F6E70F29DFBF06980A2101FB00220692E4
:10CA2000E0E7002701217DE74FF0000E08F1020248
:10CA3000119298F8022086E74FF0010EF6E700BF4A
:10CA4000EC2B0108A42801080000F07F119A541C67
:10CA500011945278302AF9D0A2F13104082C3FF613
:10CA600079AFA2F1300C119A0992119A541C1194C9
:10CA70005278A2F13006092E37D9099EA41B082C42
:10CA800044F61F6402DC6445A8BF6446BEF1000F93
:10CA900000D06442002B4DD1079B18437FF4BFAEFA
:10CAA00000297FF4D8AE692A27D024DC492A24D073
:10CAB0004E2A7FF4D0AE974911A802F0E7FE002875
:10CAC0003FF4C9AE119B1B78282B2DD1924914AA93
:10CAD00011A802F0EFFE052826D1159BDDF850A025
:10CAE00043F0FF4B4BF4E00B99E60A2404FB0C2CBB
:10CAF000ACF1300CB9E76E2ADBE7884911A802F0E7
:10CB0000C5FE00283FF4A7AE119B8549013B11A843
:10CB1000119302F0BBFE10B9119B01331193DFF8A2
:10CB200014B24FF0000A7AE67E4801F0C9FD5BECD2
:10CB300010AB74E607EE909AE21BB8EE677B002D0F
:10CB400008BF1D46102B09921A46A8BF1022092BB8
:10CB50005BEC17AB15DCE11B00293FF460AEA4EBE6
:10CB6000070172DD162959DC6F4B099A03EBC203EA
:10CB700093ED007B4BEC16AB27EE067B5BEC17AB23
:10CB80004DE66949DDED066A01EBC20111ED125B6C
:10CB90000F2BB8EE666BA7EE056B5BEC16ABDADD20
:10CBA0009A1AE11B0A44002A40F3948012F00F0005
:10CBB0000AD05D4901EBC00191ED007B4BEC16AB57
:10CBC00027EE067B5BEC17AB32F00F0273D0B2F5A9
:10CBD0009A7F47DD0024254607942646059ADFF80C
:10CBE00054B1222313604FF0000A079B002B3FF43F
:10CBF00016AE1299059803F001F80598314602F037
:10CC0000FDFF0598294602F0F9FF0799059802F003
:10CC1000F5FF0598214602F0F1FF00E6C3F125017A
:10CC2000E01B8142BCDB404AC3F10F0302EBC301AE
:10CC300091ED007B09994BEC16ABCB1A02EBC302CA
:10CC400027EE067B92ED006B96E71631A8DB364B9C
:10CC50003C1B03EBC40494ED007B4BEC16AB86EE5F
:10CC6000077B8BE700204BEC17AB304E12110146CF
:10CC7000012A23DC08B15BEC17AB2C4A2C4802EBF1
:10CC8000C10292ED007BABF1547B4BEC16AB294A11
:10CC900027EE067B17EE901A0A4082425BEC17AB38
:10CCA00098D8A0F58010824286BFDFF88CB04FF094
:10CCB000FF3A01F1547B0022069276E012F0010F58
:10CCC00004D096ED006B012027EE067B0131521057
:10CCD0000836CDE7EFD0524212F00F000AD01249C9
:10CCE00001EBC00191ED007B4BEC16AB86EE077BB0
:10CCF0005BEC17AB1211DED01F2A1FDD0024254686
:10CD000007942646059A22234FF0000A4FF0000BA5
:10CD100013606AE7B3280108D82B0108AB28010883
:10CD20009529010812210108602D0108382D0108FC
:10CD30000000A07C0000F07FFFFFEF7F12F01001E9
:10CD400018BF6A2106914BEC17ABAF490020D607FC
:10CD500004D591ED006B012027EE067B521001F106
:10CD60000801F4D108B15BEC17AB069AB2B1CBF372
:10CD70000A51C1F16B02002A58460FDD1F2A55DD0A
:10CD8000342ADEBF4FF0FF32C1F14B018A404FF031
:10CD9000000ACCBF4FF05C7B02EA000B4BEC17ABF8
:10CDA000B5EE407BF1EE10FAA8D00A990598CDF8BF
:10CDB00000902A4602F08AFF079000283FF40AAF4D
:10CDC000099B3F1B002BB4BF3B4600230A93099BE2
:10CDD0009FED89BB23EAE37300240D932546079B4F
:10CDE0000598596802F0CAFE064600283FF4F6AEE0
:10CDF000079B1A694BEC19AB023203F10C0192004C
:10CE00000C3001F04CFCB0EE490B059814AA13A9A4
:10CE100003F090FA129000283FF4E0AE059801214B
:10CE200002F0EAFF054640B90025D7E64FF0FF3192
:10CE300001FA02F202EA0A0AB0E7139F149A002FDD
:10CE4000ABBF0A9B0D9BDDF83480DDF82890ACBFAA
:10CE500007EB0309A3EB0708069BFF1A1744C2F16F
:10CE600036036A4A013F974251DAD11B1F29A3EBCF
:10CE700001034FF001023EDC8A400C9200220B922B
:10CE800009EB03079844069BB94598444B46A8BF55
:10CE90003B464345A8BF4346002BC2BFFF1AA8EB41
:10CEA0000308A9EB03090A9B002B16DD2946059808
:10CEB0001A4603F059F805460028B5D00146129AE3
:10CEC000059802F0AFFF0F9000283FF487AE12994B
:10CED000059802F093FE0F9B1293002F1BDC099B19
:10CEE000002B21DD31460D9A059803F03DF80646EA
:10CEF000D0B9002672E6C7F17F4707F57F0707F52F
:10CF00007B47E23702FA07F10B910C92B8E7002257
:10CF10000B920122F9E7129905983A4603F07EF840
:10CF200012900028DBD159E6B8F1000F07DD314639
:10CF30000598424603F072F806460028D9D0B9F1A8
:10CF4000000F08DD294605984A4603F067F80546B4
:10CF500000283FF443AE12990598324603F0E6F8F4
:10CF6000044600283FF43AAE0023D0F80C80C3609A
:10CF7000294603F0BFF800284CDA58EA0A0872D1B3
:10CF8000CBF31303002B6ED12BF000431B0D1B05BD
:10CF9000B3F1D66F67D9636913B92369012B62DDD9
:10CFA00021460122059803F039F82946044603F08A
:10CFB000A1F8002857DD2BF00043069A1B0D1B0536
:10CFC000002A6ED0B3F1D66F6BD8B3F15C7F7FF6D9
:10CFD00099AE9FED0B7B4BEC16AB0D4B26EE077B12
:10CFE00017EE902A13405BEC17AB002B7FF401AED9
:10CFF000059A22231360FCE50000C0FFFFFFDF411C
:10D000000000000000005039002C010802FCFFFF66
:10D010000000F07FD9465DD1CBF31303B8F1000FC8
:10D020002AD0A94A93422AD1069B5246FBB1A74B6C
:10D030000BEA0303B3F1D46F4FF0FF311AD81B0D85
:10D04000C3F16B0301FA03F39A4218D1A04B99453F
:10D0500002D101323FF4C2AD9C4B09EA030303F550
:10D06000801B4FF0000A069B002BB2D1C1E54FF0A8
:10D07000FF33E9E70B46E7E753EA0A039BD00B9B34
:10D08000C3B113EA090FEED0069A50465946B8F1DB
:10D09000000F13D0FFF76BFB39EE007B5BEC17AB97
:10D0A000E1E7A3F580136FEA135B6FEA0B5B4FF0C8
:10D0B000FF3AD8E70C9B13EA0A0FE4E7FFF757FBA8
:10D0C00039EE400BB5EE400BF1EE10FA5BEC10AB15
:10D0D000C9D117E62946204603F084F9B0EE007B5B
:10D0E000B4EEC70BF1EE10FA5DD8B8F1000F64D1C1
:10D0F000BAF1000F4BD1CBF31303B7EE008B002B2B
:10D1000060D1B4EEC80BB6EE008BF1EE10FA01D48C
:10D1100020EE088BB1EE48AB6C486E4909EA000777
:10D120008F4253EC1A2B7DD1A9F1547B4BEC1CABF5
:10D13000B0EE4C0B03F08EF86448A0EE0ACB1CEE68
:10D14000903A654A03EA000191425BEC1CAB3CD982
:10D1500019EE902A5E4B9A4204D119EE103A01332F
:10D160003FF43CADDFF868B14FF0FF3A12990598F3
:10D1700002F044FD0598314602F040FD059829462D
:10D1800002F03CFD0598214602F038FD27E6BAF191
:10D19000010F03D1BBF1000F3FF4B4ADBFEE00AB04
:10D1A000B7EE008BB8E7B6EE008B20EE088BB8F137
:10D1B000000FAFD0B0EE48ABAEE7B7EE00ABB0EECD
:10D1C0004A8BA9E7BFEE00ABA6E703F1547B069BB1
:10D1D000D946002BCAD12BF000431B0D1B059F42E3
:10D1E000C4D151EC180BF3F7B7FAF3F76FFACBF39E
:10D1F000130941EC170B49EA0A0959EA080938EE04
:10D20000478B3CD09FED2A7BB4EEC78BF1EE10FA32
:10D210003FF5EFAC9FED287BB4EEC78BF1EE10FA33
:10D22000A4DDE6E40699E1B1B7F1D46F19D8B4EE04
:10D23000CB8BF1EE10FA11D8BCEEC88B18EE103A79
:10D24000012B38BF012308EE103AB8EE488BB8F135
:10D25000000F11D1B1EE487B53EC172B03F1D661CF
:10D26000CB1BB0EE490B43EC1A2B02F0F3FFAAEEF6
:10D27000009B5BEC19ABAAE7B0EE487BECE79FEDB7
:10D28000107BB4EEC78BF1EE10FA7FF56FAFB0E410
:10D29000002308930E9A119B1360FFF7C4BA652A06
:10D2A0003FF4BFAB452A3FF4BCAB0121FFF7F4BB11
:10D2B0009535A094FFFFDF3F35E5AF350000E03F37
:10D2C0009535A094FFFFCF3FFFFF0F000000F07FD8
:10D2D000FFFFEF7F0000E07FFFFF9F7C014BFFF728
:10D2E00063BA00BFEC0100240A4601460248034B22
:10D2F0000068FFF759BA00BF58030024EC0100246E
:10D30000242B2DE9F0478646904601D8012B06D103
:10D3100001F098F9162303600020BDE8F087344837
:10D320000D462A4615F8014B065D16F00806F8D1A1
:10D330002D2C10D12C780126951C33F0100215D11C
:10D34000302C0DD12A7802F0DF02582A08D16C78EF
:10D35000023510230AE02B2C04BF2C78951CECE737
:10D36000002BF6D1302C14BF0A23082306F1004C01
:10D370000CF1FF3C0022BCFBF3F9104603FB19CA79
:10D38000A4F13007092F0FD83C46A3421BDD571CE0
:10D3900007D0814514D301D1A24511DB00FB034026
:10D3A000012215F8014BEBE7A4F14107192F01D831
:10D3B000373CEAE7A4F16107192F04D8573CE4E7AA
:10D3C0004FF0FF32EDE7531C08D12223CEF8003096
:10D3D0006046B8F1000FA0D0691E06E006B14042D9
:10D3E000B8F1000F99D0002AF6D1C8F8001094E7E0
:10D3F000292C0108FFF784BF13460A46014602485C
:10D400000068FFF77DBF00BF580300242DE9F043FB
:10D41000344E86460D46284615F8014B375D17F009
:10D420000807F8D12D2C10D12C780127851C33F05A
:10D43000100015D1302C0DD1287800F0DF005828CD
:10D4400008D16C78023510230AE02B2C04BF2C780D
:10D45000851CECE7002BF6D1302C14BF0A230823DF
:10D460004FF0FF380026B8FBF3F803FB08F96FEA2A
:10D4700009093046A4F1300CBCF1090F10D86446FC
:10D48000A3421EDDB6F1FF3F07D0804516D301D180
:10D49000A14513DB00FB0340012615F8014BE9E72A
:10D4A000A4F1410CBCF1190F01D8373CE8E7A4F115
:10D4B000610CBCF1190F04D8573CE1E74FF0FF367F
:10D4C000EBE7731C06D12223CEF80030304632B988
:10D4D000BDE8F08307B14042002AF9D006B1691EC9
:10D4E0001160F5E7292C010813460A460146024857
:10D4F0000068FFF78BBF00BF58030024F0B52DED87
:10D50000028BB0EE408B85B017460D9D0C9E18EE39
:10D51000902A25F02005002AB6BF2D220022B1EE68
:10D52000408B462D0C461A7004D0452D00D1013495
:10D53000022100E0032103AB019302AB00932246DA
:10D540003346B0EE480B01F06FF9472D14D1FB07BD
:10D550000AD50219B5EE408BF1EE10FA08BF03921E
:10D560003021039B934219D3039B0E9A1B1A13601D
:10D5700005B0BDEC028BF0BD462D00EB0402E9D1F5
:10D580000378302B07D1B5EE408BF1EE10FA1CBFBB
:10D59000C4F10104346033681A44DBE75C1C039473
:10D5A0001970DEE7F7B50029BABF49422D232B23B6
:10D5B00009290270437029DD0DF107031D460A2772
:10D5C0001A46B1FBF7F607FB1614303402F8014C8B
:10D5D0000C46632C03F1FF333146F1DC3031941EED
:10D5E00003F8011C411C2346AB420AD30DF1090389
:10D5F0009B1AAC4288BF002302330344181A03B0BD
:10D60000F0BD13F8016B01F8016FEDE73023303105
:10D610008370C170031DF1E72DE9F04F8DB00C460A
:10D62000DDF8588016461F46054600F0C1FFD0F8C9
:10D6300000B05846F2F7B4FE00230A93D8F8003041
:10D6400094F8189022680590073323F0070303F13C
:10D650000801C8F8001093ED000B9FED976BB0EE3A
:10D66000C07BB4EE467BF1EE10FA84ED120B24DDA4
:10D67000B5EEC00BF1EE10FA02D52D2384F843303D
:10D680008F49904BB9F1470F8CBF8846984622F0DE
:10D6900004020323236122604FF0000A00973346FF
:10D6A0000BAA2146284600F0D1F9013040F08980CC
:10D6B0004FF0FF300DB0BDE8F08FB4EE400BF1EE4F
:10D6C00010FA09D710EE903A002BBCBF2D2384F836
:10D6D00043307D497D4BD5E76368591C09F0DF0A6B
:10D6E00039D10623636042F48062002322600393F1
:10D6F0000AABCDE9019309AB009361680DF12303F7
:10D700002846FFF7FBFEBAF1470F0999804629D159
:10D71000C81C02DB6368994241DDA9F102095FFA86
:10D7200089F901394A4604F150000991FFF73AFF9F
:10D730000A9A1318012A8246236102DC2268D20762
:10D7400001D5013323619DF82330002BA6D02D2372
:10D7500084F84330A2E7BAF1470FC4D1002BC2D1FD
:10D760000123BFE7B9F1650FDBD9B9F1660F18D115
:10D77000002963680BDD216113B92268D00702D547
:10D7800001330B442361A1654FF0000ADBE713B9B5
:10D790002268D20701D50233F4E70123F2E74FF004
:10D7A00067090A9B994205DB23682161D807EAD5FE
:10D7B0004B1CE7E70029D4BFC1F102020122134448
:10D7C000E0E723685A0507D42369424631462846D4
:10D7D000B84701302AD16BE7B9F1650F40F2E0801C
:10D7E00094ED127BB5EE407BF1EE10FA33D1384A5E
:10D7F000012331462846B84701303FF459AFDDE9EF
:10D800000938434502DB2368D8070FD5059B5A46E4
:10D8100031462846B84701303FF44AAF4FF000097F
:10D8200008F1FF3804F11A0AC84509DC23689B0790
:10D8300000F10781E0680B9B9842B8BF184639E7B2
:10D840000123524631462846B84701303FF430AFF5
:10D8500009F10109E8E7099B002B3BDC1C4A012385
:10D8600031462846B84701303FF422AFDDE9093997
:10D8700059EA030302D12368D907D7D5059B5A4635
:10D8800031462846B84701303FF412AF4FF0000A46
:10D8900004F11A0B099B5B42534501DC4B4694E7AC
:10D8A00001235A4631462846B84701303FF400AFBD
:10D8B0000AF1010AEEE700BFFFFFFFFFFFFFEF7F66
:10D8C000AA280108A6280108B2280108AE280108E4
:10D8D000371F0108A36DDDF828A05345A8BF5346A4
:10D8E000002B994637DC0023079329EAE97904F1F4
:10D8F0001A02A36D07990693A3EB09038B4231DC4F
:10D90000099B9A453BDC2368DA0738D4099BAAEBCC
:10D910000309069BAAEB03039945A8BF9946B9F1F1
:10D92000000F34DC4FF0000829EAE97904F11A0B02
:10D93000099BAAEB0303A3EB090343457FF776AFEB
:10D9400001235A4631462846B84701303FF4B0AE6D
:10D9500008F10108ECE7424631462846B847013055
:10D96000C1D1A5E60123314628460692B8470130C9
:10D970003FF49EAE079B069A01330793B9E7059BD8
:10D980005A4631462846B8470130BFD190E6069A3C
:10D990004B46424431462846B8470130C2D187E65B
:10D9A000DDF82890B9F1010F01DCDB0736D5012342
:10D9B000424631462846B84701303FF479AE059BD0
:10D9C0005A4631462846B84701303FF471AE94EDCF
:10D9D000127BB5EE407BF1EE10FA09F1FF3918D059
:10D9E0004B4608F1010231462846B84701300CD1B8
:10D9F0005EE601235A4631462846B84701303FF4D7
:10DA000057AE08F10108C845F3DB534604F1500254
:10DA1000DCE64FF0000804F11A0BF4E7012342465C
:10DA2000E1E701234A4631462846B84701303FF432
:10DA30003FAE08F10108E3680B995B1A4345F0DC3F
:10DA4000F8E64FF0000804F11909F4E72DE9F04772
:10DA5000164698468A680B69DDF820909342B8BF55
:10DA60001346336091F8432007460C460AB1013350
:10DA700033602368990642BF3368023333602568F8
:10DA800015F0060506D104F1190AE36832689B1AFD
:10DA9000AB4226DC94F843302268003B18BF0123D8
:10DAA00092062BD404F1430241463846C847013060
:10DAB0001ED02368226903F00603042B02BFE56829
:10DAC0003368ED1AA3680CBF25EAE575002593427B
:10DAD000C4BF9B1AED1800261A34B5421AD1002093
:10DAE00008E00123524641463846C847013003D179
:10DAF0004FF0FF30BDE8F0870135C6E7E1185A1C4A
:10DB0000302081F84300224494F8451082F84310F5
:10DB10000233C7E70123224641463846C847013051
:10DB2000E6D00136D9E700002DE9FF470F7E0C9EB5
:10DB3000782F914680460C469A4601F1430207D859
:10DB4000622F0AD8002F00F0D180582F00F0B88043
:10DB500004F1420684F842703AE0A7F16303152B02
:10DB6000F6D801A151F823F0C1DB0008D5DB00088D
:10DB700051DB000851DB000851DB000851DB0008D5
:10DB8000D5DB000851DB000851DB000851DB000841
:10DB900051DB0008D3DC0008FFDB00088DDC000847
:10DBA00051DB000851DB0008F5DC000851DB000800
:10DBB000FFDB000851DB000851DB000895DC0008A2
:10DBC00033681A1D1B68326004F1420684F8423043
:10DBD00001239CE033682068191D3160060601D5D9
:10DBE0001D6803E04506FBD5B3F90050002D03DAAC
:10DBF0002D236D4284F8433058480A2311E02168F0
:10DC00003368080653F8045B02D4490648BFADB236
:10DC10006F2F5248336014BF0A230823002184F871
:10DC200043106668A660002E05DB21682E4321F0B4
:10DC3000040121604BD01646B5FBF3F103FB1157ED
:10DC4000C75D06F8017D2F46BB420D46F4D9082B6F
:10DC50000BD12368DF0708D5236961689942DEBFCD
:10DC6000302306F8013C06F1FF36921B2261CDF805
:10DC700000A04B4603AA21464046FFF7E7FE0130CD
:10DC80004AD14FF0FF3004B0BDE8F087236843F07D
:10DC9000200323603248782784F845702368316870
:10DCA0001F0651F8045B02D45F0648BFADB2316075
:10DCB000D90744BF43F0200323601DB11023ADE713
:10DCC0002648E9E7236823F020032360F6E7164699
:10DCD000BDE7336825686169181D30602E061B6832
:10DCE00001D5196002E06806FBD519800023236185
:10DCF0001646BCE733681A1D32601E686268002150
:10DD00003046F2F7FDFA08B1801B6060636823615A
:10DD1000002384F84330AAE7236932464946404647
:10DD2000D0470130ADD023689B0713D4E068039B34
:10DD30009842B8BF1846A6E70123324649464046F6
:10DD4000D04701309DD00135E36803995B1AAB429F
:10DD5000F2DCEBE7002504F11906F5E7B628010827
:10DD6000C72801082DE9F04F87B0914603938B68CF
:10DD70005A1EB2F5AE7F81BF6FF4AE7503EB050B93
:10DD800040F25D138B600B680A464FF0000543F4C8
:10DD9000F06342F81C3BCDE9045580460C4698BF21
:10DDA0004FF0000B01921646AA462F460295A26834
:10DDB0005AB1D9F800301B784E2B63D8402B3BD892
:10DDC000A3F12B01C8B20E2839D91FB1236823F45F
:10DDD000807323600AF1FF3ABAF1010F00F2148157
:10DDE000019B9E4200F20581012007B0BDE8F08F43
:10DDF000A3F161020D2AE8D801A151F822F000BF79
:10DE000049DF0008CBDD0008CBDD0008CBDD0008D2
:10DE1000A5DF00087FDF0008CBDD0008CBDD0008B0
:10DE200057DF0008CBDD0008CBDD0008CBDD0008A4
:10DE3000CBDD000813DF0008A3F14102DAE70E2969
:10DE4000C3D801A050F821F003DF0008CBDD0008A3
:10DE500003DF000893DF0008CBDD0008A5DE000823
:10DE6000E9DE0008E9DE0008E9DE0008E9DE000876
:10DE7000E9DE0008E9DE0008E9DE0008E9DE000866
:10DE8000E9DE00086E2B09D8602BB1D8542B7BD06B
:10DE9000592B9AD1072D98D108252FE0742B73D0D8
:10DEA000792BF6E72168C8051ED521F08001216095
:10DEB0000137BBF1000F03D001320BF1FF3BA26031
:10DEC000A368013BA360236901332361D9F80430BF
:10DED000013B002BC9F8043040F38280D9F80030B0
:10DEE0000133C9F8003062E71AEB05017FF46DAF2A
:10DEF000226822F4C07222600D468A4606F8013B71
:10DF0000DEE7226810067FF560AF22F08002226013
:10DF1000F4E7BAF1000F0CD177B9226802F4E0619E
:10DF2000B1F5E06F08D122F4F06222604FF0010AEF
:10DF3000E4E7BAF1020F50D0012D02D0042D7FF496
:10DF400044AF0135EDB2D9E7BAF1010F7FF43DAF2F
:10DF50004FF0020AD2E775B9002F7FF437AF22687D
:10DF600002F4E061B1F5E06F40F0FC8022F4F06271
:10DF700022600125C2E7032DE3D0052DDFE7022D46
:10DF80007FF423AF0325B9E7062D7FF41EAF0725E5
:10DF9000B4E7226891057FF518AF22F42072226061
:10DFA0000297ABE7226802F4A061B1F5806F05D05B
:10DFB00050057FF50AAF002F00F0D480910558BFBF
:10DFC000029922F4F06258BF791A42F4C07258BF25
:10DFD000CDE904162260002790E74FF0030A8DE791
:10DFE000D4F8803149464046984700283FF4DFAED8
:10DFF000EBE6D4F87C3116F8011D4A4640469847B6
:10E000002369013B2361EBE66B1E062B24D8022D0E
:10E0100036D8019B9E427FF6E7AED4F87C3116F8E5
:10E02000011D4A46404698472369013B2361F0E7BA
:10E03000D4F87C311BF8011D4A46404698472369B5
:10E04000013B23610AF1FF3A5FFA8AFABAF1020F43
:10E05000EED1033DEDB2761B2368DA0530D55B05C2
:10E0600011D5019B9E427FF6BFAED4F87C3116F8E5
:10E07000011D4A46404698472369013B2361F0E76A
:10E08000AA46B346DEE716F8011C2369652903F1A9
:10E09000FF3306F1FF3523610CD045290AD0D4F8AF
:10E0A0007C314A4640469847236916F8021C013BDA
:10E0B000B51E2361D4F87C314A46404698472E4627
:10E0C000226812F0100201D000208EE63270236820
:10E0D00003F4C063B3F5806F23D1029B9F420AD043
:10E0E000DA1B04F26F139E4228BF04F5B7761E496F
:10E0F000304600F035F9019900224046FFF7EEF86E
:10E10000039B21681B6811F0020F03F1040215D074
:10E1100003990A601B6883ED000BE3680133E36039
:10E12000D2E7049B002BE6D005990A230131404633
:10E13000FFF760F9049B059EC21AD2E711F0040FA5
:10E1400003990A60E6D1B4EE400BF1EE10FA1D68B7
:10E1500005D7064800F0BCFA85ED000ADDE7B7EE0A
:10E16000C00BF9E7002735E6D8280108122101087D
:10E17000002310B50446C0E90033C0E904338360CE
:10E1800081814366C2818361194608225C3000F0B8
:10E1900089F90D4B63620D4BA3620D4BE3620D4B8E
:10E1A00023630D4B24629C4206D003F16802944223
:10E1B00002D0D0339C4205D104F15800BDE8104094
:10E1C00000F06ABA10BD00BFA5E30008C7E300086D
:10E1D000FFE3000823E40008306C0024024A0349EE
:10E1E000034800F069B800BFE00100249D08010861
:10E1F0005C03002441680C4B994210B5044601D0E1
:10E2000002F04CFBA168094B994202D0204602F073
:10E2100045FBE168064B994204D02046BDE810401A
:10E2200002F03CBB10BD00BF306C0024986C002491
:10E23000006D002410B50B4B0B4C0C4A1A602046A5
:10E2400000220421FFF794FF04F168000122092154
:10E25000FFF78EFF04F1D0000222BDE8104012212A
:10E26000FFF786BF686D0024306C0024DDE10008F4
:10E27000014800F012BA00BF716D0024014800F09F
:10E280000DBA00BF716D002410B50446FFF7F0FF12
:10E29000236A1BB1BDE81040FFF7F0BF044B2362B7
:10E2A000044B1B68002BF5D1FFF7C4FFF2E700BF5A
:10E2B000F5E10008686D00242DE9F843074688461B
:10E2C00014460026D4E90195B9F1010905D5246861
:10E2D000002CF7D13046BDE8F883AB89012B07D974
:10E2E000B5F90E30013303D029463846C0470643FE
:10E2F0006835E9E70CB430B5184B0C1E1D689DB0AD
:10E3000008DA8B232B604FF0FF301DB0BDE83040A2
:10E3100002B070474FF40273ADF814304FF00003B1
:10E320001B9314BF04F1FF332346049307934FF666
:10E33000FF7302900690ADF81630209A21AB02A927
:10E340002846019302F02AF9431CBCBF8B232B60A3
:10E35000002CDAD0029B00221A70D6E75803002462
:10E360000EB410B59DB01FAB029006906FF0004147
:10E370000A48079104910A4953F8042B0591002497
:10E3800002A9006801931B9402F008F9029B1C701B
:10E390001DB0BDE8104003B0704700BF5803002413
:10E3A0000802FFFF10B50C46B1F90E1000F026F977
:10E3B0000028ABBF636DA3891B1823F48053ACBF47
:10E3C0006365A38110BD2DE9F0411F468B89DB05F4
:10E3D00005460C46164605D5B1F90E10022300225B
:10E3E00000F0FAF8A389B4F90E1023F48053A38146
:10E3F00032463B462846BDE8F04100F011B910B561
:10E400000C46B1F90E1000F0E7F8431CA38915BFC4
:10E41000606523F4805343F48053A38118BFA38124
:10E4200010BDB1F90E1000F0C7B830B51446002C7D
:10E430009BB005461A4605DA8B2303604FF0FF3088
:10E440001BB030BD4FF40273ADF80C304FF0000339
:10E45000199314BF04F1FF332346029305934FF63B
:10E46000FF7300910491ADF80E3069461E9B02F0D7
:10E4700095F8431CBCBF8B232B60002CE0D0009B85
:10E4800000221A70DCE7000007B5009313460A4625
:10E49000014603480068FFF7C8FF03B05DF804FBBE
:10E4A0005803002402440346934200D1704703F806
:10E4B000011BF9E710B50246147813460132002C0F
:10E4C000FAD1013B11F8012B03F8012F002AF9D1F1
:10E4D00010BD10B56AB10139841810F8012B11F87C
:10E4E000013F9A4203D1A04201D0002AF5D1D01AAF
:10E4F00010BD1046FCE70000164B2DE9F0411F68E7
:10E500007C6C05460E46ECB9502001F06FFA0246CD
:10E51000786420B9104B11485B2100F0DFF8C0E9A6
:10E520000044C0E90244C0E90444C0E90A44C0E927
:10E530000C44C0E90E44C0E91044C0E912448461AF
:10E54000047744627A6C314628460123BDE8F041E5
:10E5500000F006B858030024DD280108F42801085B
:10E56000F0B5044608B9146844B1204614F8015BBC
:10E570000F4617F8016B1EB965B91560002005E05C
:10E58000B542F6D1002BF0D114600370F0BD1C46EB
:10E590000CE01DB9274614F8013B0E4616F8015B46
:10E5A000AB42F6D1002BF2D000233B701460EDE7B4
:10E5B00000487047DC02002438B5064D00230446AD
:10E5C00008462B60F5F73CFF431C02D12B6803B1D2
:10E5D000236038BD6C6D002438B5074D04460846ED
:10E5E000114600222A601A46F5F734FF431C02D177
:10E5F0002B6803B1236038BD6C6D002438B5074D1E
:10E6000004460846114600222A601A46F5F7FCFE29
:10E61000431C02D12B6803B1236038BD6C6D00240C
:10E6200038B5074D04460846114600222A601A46AE
:10E63000F5F7F8FE431C02D12B6803B1236038BD07
:10E640006C6D0024014B1868704700BF580300240C
:10E6500070B50D4D0D4C641BA4100026A64209D1C7
:10E660000B4D0C4C02F0E4FF641BA4100026A642E4
:10E6700005D170BD55F8043B98470136EEE755F8D3
:10E68000043B98470136F2E7E0310108E031010828
:10E69000E0310108E43101087047704770470A44CF
:10E6A000914200F1FF3300D1704710B511F8014BD2
:10E6B00003F8014F9142F9D110BD000000000000A5
:10E6C0009FED010B704700BF000000000000F87FC5
:10E6D0009FED010A704700BF0000C07F1FB51446C0
:10E6E0001A46094B1B680546D8684CB1074B009188
:10E6F000CDE9013406492B4602F0F8F802F032F970
:10E70000044B1C46F3E700BF5803002456290108B8
:10E7100063290108122101082DE9F74F03690C69EB
:10E72000A34207467EDB013C01F11408A30000F17F
:10E730001405009305EB8403019358F8243055F831
:10E74000242001339A4208EB8409B2FBF3F62ED35E
:10E750004FF0000AC446AE46D3465CF8043B98B27C
:10E7600006FB00A0020C1B0C06FB0323DEF80020B6
:10E7700080B292B2121A5A44DEF800004FEA134AED
:10E780009BB2C3EB224303EB104392B242EA034233
:10E79000E1454EF8042B4FEA234BDED2009BEB58A9
:10E7A0002BB9019B043B9D421A462FD33C6138464E
:10E7B00001F0A0FC002825DB2946002058F8042B96
:10E7C000D1F800C01FFA82FE1FFA8CF3A3EB0E03F0
:10E7D0000344120CC2EB234202EB1C429BB243EAFD
:10E7E0000243C14541F8043B4FEA2240E6D255F8C6
:10E7F000242005EB840322B9043B9D421A460BD327
:10E800003C610136304603B0BDE8F08F1268043B2E
:10E81000002ACBD1013CC6E71268043B002AEFD1A5
:10E82000013CEAE70020EEE72DE9F04F2DED028BE9
:10E83000C76991B08DED020B55EC104B1C9E0791F2
:10E84000814609920D937FB9102001F0CFF802465E
:10E85000C9F81C0020B9A04BEF21A048FFF73EFFEC
:10E86000C0E901770760C760D9F81C30196859B151
:10E870005A684A60012393408B60484601F0BEF914
:10E88000D9F81C3000221A602B1EBBBF23F00043B6
:10E89000039300230122ACBF33603260904B039E90
:10E8A000B34310D10D9A42F20F731360C6F31303F2
:10E8B000234300F0E6841D9B8A4F002B00F0E88480
:10E8C000FB1C00F0E3BC9DED028BB5EE408BF1EE3E
:10E8D00010FA0AD10D9A012313601D9B13B11D9AE2
:10E8E000814B1360814F00F0D3BC0EAA0FA948469C
:10E8F000B0EE480B01F01EFDC6F30A530E9A0190CC
:10E90000002B45D0B0EE487B18EE901AC1F31301EE
:10E9100041F07F5141F44011A3F2FF33002507EE8F
:10E92000901AB7EE086B9FED665B37EE467B9FED66
:10E93000666BA7EE056B9FED665B07EE903AB8EE4F
:10E94000E74BB0EE467BA4EE057BFDEEC76BB5EE64
:10E95000C07BF1EE10FA16EE908A08D5B8EEE66BA1
:10E96000B4EE476BF1EE10FA18BF08F1FF38B8F1BA
:10E97000160F2BD85E4901EBC80191ED007BB4EE78
:10E98000C78BF1EE10FA01D508F1FF3800211EE027
:10E990000F9B134403F232412029C1BFC1F1400152
:10E9A0008E4003F2124124FA01F1D6BFC1F12001D9
:10E9B000314304FA01F107EE901AB8EE677B013B90
:10E9C00017EE901A0125A1F1F871A8E70121D21ADA
:10E9D000531E069345BFC2F1010304930023002395
:10E9E0004CBF06930493B8F1000F0C9118DB069B03
:10E9F000CDF82880434406930023079A092A45D876
:10EA0000052AC4BF043A0792079AA2F10202CCBFBA
:10EA100000240124032A44D8DFE802F03436170B1F
:10EA2000049B0022A3EB080304930A92C8F100039D
:10EA3000E3E701220892099A08EB020B0BF1010AA5
:10EA40005246012AB8BF012206E001220892099A23
:10EA5000002A29DD93469246D9F81C700021042033
:10EA600000F11406964226D979604846059301F0D4
:10EA700085F8059B074600283ED11E4B024640F212
:10EA8000AF11EAE60022E1E70022D3E701240022E9
:10EA9000CDE907244FF0FF3B0021DA46122209910D
:10EAA000DAE701220892F5E74FF0010BDA465A4601
:10EAB000CDF824B0D0E701314000D1E7AFF30080BA
:10EAC00061436F63A787D23FB3C8608B288AC63F74
:10EAD000FB799F501344D33FDD2801089F2901088B
:10EAE0000000F07F9B290108381F0108371F01082B
:10EAF000602D0108F7290108D9F81C20BAF10E0F82
:10EB000010606ED8002C6CD0B8F1000F40F3B480C8
:10EB1000C84A08F00F0102EBC10218F4807F92EDA1
:10EB2000007B4FEA281100F09B80C34A92ED086BEE
:10EB300088EE066B8DED026B01F00F010322BE48DB
:10EB4000002940F08F809DED026B86EE077B8DEDF6
:10EB5000027B0C999DED027B002900F0B380B7EE9B
:10EB6000006BB4EEC67BF1EE10FA40F1AB80BAF167
:10EB7000000F00F0A780BBF1000F30DDB2EE046B98
:10EB800027EE067B8DED027B08F1FF310591013206
:10EB90005C469DED026BB1EE0C5B07EE902AB8EE81
:10EBA000E77BA7EE065B15EE902A51EC150BA2F160
:10EBB0005071002C40F08A80B1EE047B36EE476B3A
:10EBC00041EC170BB4EEC76BF1EE10FA00F36A825A
:10EBD000B1EE477BB4EEC76BF1EE10FA23D48DEDA6
:10EBE000028B0F9A002AC0F22981B8F10E0F00F3B0
:10EBF0002581904B03EBC80393ED006B099B002B21
:10EC000080F2C880BAF1000F00F3C4800BD1B1EEDE
:10EC1000047B26EE076B9DED027BB4EEC76BF1EE35
:10EC200010FAC0F23C8200242546099BDB43059381
:10EC30003E464FF000082146484600F0DFFF002D19
:10EC400000F0A280B8F1000F05D0A84503D04146DE
:10EC5000484600F0D3FF2946484600F0CFFF93E036
:10EC600002226CE7CC0704D590ED006B013227EE51
:10EC7000067B4910083063E722D0C8F100016D4AD5
:10EC800001F00F0002EBC00292ED007B28EE077B43
:10EC90008DED027B684809110024022229B9002C5D
:10ECA0003FF457AF8DED027B53E7CE0705D590EDCE
:10ECB000006B0132012427EE067B49100830EDE796
:10ECC000022246E7CDF81480544662E7594A02EB27
:10ECD000C40212ED024B089A41EC170B3C444AB3B4
:10ECE000B6EE003BB7EE002B3E4683EE045BB2EE81
:10ECF000043B35EE477BFDEEC64B14EE902AB8EE92
:10ED0000E45B303236EE456BB4EEC76BF1EE10FAD1
:10ED100006F8012B38D432EE465BB4EEC75BF1EE59
:10ED200010FA6ED4A6423FF45AAF27EE037B26EECC
:10ED3000036BE0E721463E4627EE047BB2EE043B40
:10ED4000FDEEC64B14EE902A303206F8012BA64297
:10ED5000B8EEE45B36EE456B19D1B6EE005B37EEEC
:10ED6000054BB4EEC46BF1EE10FA4ADC35EE475BAE
:10ED7000B4EEC56BF1EE10FA7FF531AF0E460139F6
:10ED800016F8013C302BF9D0DDF8148027E026EE90
:10ED9000036BD5E79DED027BB2EE044B3E4687EE5A
:10EDA000065BBDEEC55B15EE103A303306F8013B4D
:10EDB000F31B9A45B8EEC53BA3EE467B32D137EE46
:10EDC000077BB4EEC67BF1EE10FA18DCB4EE467B9E
:10EDD000F1EE10FA03D115EE103ADB070FD40199CA
:10EDE000484600F00BFF00230D9A337008F1010331
:10EDF00013601D9B002B00F04B821E6048E2CDF893
:10EE0000148033461E4613F8012D392A06D19F423D
:10EE1000F8D1059A0132059230223A701A780132FF
:10EE20001A70B1E727EE047BB5EE407BF1EE10FAE5
:10EE3000B5D1D4E7602D0108382D010808990029C3
:10EE400000F0E9800799012900F3CB80002D00F044
:10EE5000C48002F23342049E1C460593049B134473
:10EE60000493069B012113444846069300F0C4FF17
:10EE7000059B054666B1069A002A09DDB24204994F
:10EE8000A8BF3246891A04910699B61A8A1A0692C0
:10EE90000BB3089A002A00F0C580002C00F0BF8058
:10EEA0002946224648460B9301F05EF8019A014636
:10EEB0000546484600F0B6FF01990590484600F027
:10EEC0009DFE0B9B1B1B00F0B08005991A4648461F
:10EED00001F04AF801900121484600F08DFF0A9B9D
:10EEE0000446002B00F0DA811A460146484601F03C
:10EEF0003BF8079B012B044600F3A080029B002BEC
:10EF000040F09680039BC3F31302002A40F09280E6
:10EF100023F00042120D1205002A00F08D80049BA0
:10EF200001330493069B0133069301230B930A9B41
:10EF3000002B00F0B981226904EB8202106900F015
:10EF40000FFFC0F12000069B184410F01F0000F0D6
:10EF50008180C0F12002042A73DD049BC0F11C00F3
:10EF600003440493069B064403440693049B002B2E
:10EF700005DD01991A46484601F050F80190069BBC
:10EF8000002B05DD21461A46484601F047F80446A5
:10EF90000C9B002B60D00198214601F0ABF80028B3
:10EFA0005ADA08F1FF330593019900230A224846F3
:10EFB00000F046FE089B0190002B00F07781294667
:10EFC00000230A22484600F03BFEBBF1000F054635
:10EFD0006EDC079B022B48DC6AE00E9AC2F1360217
:10EFE00039E70AF1FF34A34207DBBAF1000FA3EBC4
:10EFF00004040BDB049E52462FE7E21A0A9B049E90
:10F0000013440A9352462346002426E7049AA2EBAF
:10F010000A06002221E7049E089D1C462AE7019A61
:10F02000059252E701991A4651E7059B019352E771
:10F0300000237BE7029B79E70B9278E700230B9391
:10F0400079E793D0049B1C3213440493069B164427
:10F0500013448AE70246F5E7BAF1000FCDF81480B1
:10F06000D34621DC079B022B1EDDBBF1000F7FF492
:10F07000DCAD21465B460522484600F0E1FD014635
:10F080000446019801F036F800287FF7CEAD3E46E1
:10F09000312306F8013B059B01330593C9E5CDF803
:10F0A000148054462546F2E7089B002B00F00281AD
:10F0B000002E05DD29463246484600F0AFFF0546E2
:10F0C0000B9B002B58D06968484600F057FD064658
:10F0D00028B9824B024640F2EF21FFF7BEBB2A69F6
:10F0E0000232920005F10C010C30FFF7D8FA012230
:10F0F0003146484600F092FF7B1C049307EB0B035C
:10F100000993029B03F00103A84608930546049B5C
:10F110000198214603F1FF3BFFF7FEFA41460290BA
:10F1200000F1300A019800F0E5FF2A4606902146DA
:10F13000484600F0FBFFC2680646FAB9014601984E
:10F1400000F0D8FF0246314648460A9200F056FDCC
:10F15000079B0A9A049E42EA0301089B19430FD1B8
:10F16000BAF1390F28D0069B002B02DD029B03F178
:10F17000310A8BF800A05EE52846BDE70122E2E7F0
:10F18000069B002B04DB07990B4308990B4320D106
:10F19000002AEEDD01990122484600F03FFF21469A
:10F1A000019000F0A7FF002803DCE2D11AF0010F64
:10F1B000DFD0BAF1390FD9D139238BF8003033467B
:10F1C0001E46013B16F8012C392A52D001321A7022
:10F1D00031E5002A07DDBAF1390FEDD00AF101035C
:10F1E0008BF8003027E5049B099A03F801AC9342A1
:10F1F00029D0019900230A22484600F021FDA845A4
:10F2000001904FF000034FF00A024146484607D1F3
:10F2100000F016FD80460546049B0133049376E713
:10F2200000F00EFD2946804600230A22484600F0E1
:10F2300007FD0546F0E7BBF1000FCCBF5E46012697
:10F240003E444FF0000801990122484600F0E6FED6
:10F250002146019000F04EFF0028B0DC02D11AF0E8
:10F26000010FACD133461E4613F8012D302AFAD0D7
:10F27000E1E49F42A4D1059B0133059331233B7008
:10F28000D9E41D9B164F1BB107F108031D9A1360AB
:10F29000384611B0BDEC028BBDE8F08F079B012B07
:10F2A0007FF72CAE0A9B0B9301204CE6BBF1000FBD
:10F2B0007FF7D8AE3E4601982146FFF72DFA00F1C0
:10F2C000300A06F801ABF21B9345B4DD0199002327
:10F2D0000A22484600F0B4FC0190ECE7F729010847
:10F2E0009229010838B50546002941D051F8043C5F
:10F2F0000C1F002BB8BFE41800F034FC1D4A136843
:10F3000033B9636014602846BDE8384000F030BC73
:10F31000A34208D9206821188B4201BF19685B6895
:10F3200009182160EDE71A465B680BB1A342FAD9D0
:10F3300011685018A0420BD1206801445018834234
:10F340001160E0D118685B68536008441060DAE728
:10F3500002D90C232B60D6E7206821188B4204BF0A
:10F3600019685B68636004BF091821605460CAE7CC
:10F3700038BD00BF786D00240369B3EB611F2DE930
:10F38000F0434FEA611200F1140445DD11F01F0152
:10F3900004EB830604EB82050CD100F1100729462B
:10F3A000B14234D39B1A9B00EA1E964238BF002319
:10F3B000234415E054F82270C1F12008CF4005F134
:10F3C000040EA1467645F44615D89A1A9200043ADE
:10F3D0000135AE4238BF0022A318A75007B104334D
:10F3E0001A1BA3424FEAA20208BF0023026108BF12
:10F3F0004361BDE8F083DCF800C00CFA08FC4CEA7D
:10F40000070749F8047B5EF8047BCF40DAE751F840
:10F4100004CB47F804CFC3E72346E1E7A0F130036C
:10F42000092B02D82038C0B27047A0F16103052B28
:10F4300001D84738F7E7A0F14103052B01D8273859
:10F44000F1E70020704700002DE9F04F85B08A46B3
:10F4500002930B68019090469C1CA14614F8010B86
:10F460003028FAD0A9EB0303A3F1020BFFF7D6FF74
:10F470000546002868D1A04901224846FFF729F82F
:10F480000746002867D199F801002646FFF7C6FF16
:10F49000002862D0234618783028994603F10103EA
:10F4A000F9D0FFF7BBFFB0FA80F56D094FF0010B03
:10F4B0004A46164601323078FFF7B0FF0028F8D1EF
:10F4C0008D4901223046FFF704F800283FD144B9A6
:10F4D000741C2246164601323078FFF79FFF002841
:10F4E000F8D1A41BA700337803F0DF03502B3ED1E3
:10F4F00073782B2B33D02D2B34D0711C002408783B
:10F50000FFF78CFF431EDBB2182B30D8A0F110029E
:10F5100011F8010FFFF782FF00F1FF3C5FFA8CFC4E
:10F52000BCF1180F4FF00A031ED904B15242174420
:10F53000CAF80010EDB1BBF1000F0CBF0625002585
:10F54000284605B0BDE8F08F00252C46B0E7002C1A
:10F55000C7D12746C7E74E462F460125C3E70024FB
:10F56000B11CCCE70124FBE703FB0200CEE73146E8
:10F57000DEE7A6EB0903013B2946072B0ADC0198CD
:10F5800000F0FCFA044640B95C4B0246E4215C48BA
:10F59000FFF7A4F801315B10EFE700F1140A002334
:10F5A00055469B46B14537D345F804BBA5EB0A0544
:10F5B000AD102561584600F0D3FB6D01D8F800600E
:10F5C0002D1AB54254DDAD1B2946204600F05CFFE4
:10F5D000814678B16B1E591103F01F025AF82110B1
:10F5E0004FF0010909FA02F20A4203D04B4536DC1A
:10F5F0004FF0020929462046FFF7BEFE2F44D8F8F7
:10F600000830BB4242DA0198214600F0F7FA0E9A20
:10F6100000231360A32593E716F8012D2E2A12D09C
:10F62000202B04D145F804BB4FF0000B5B4630782B
:10F630000393FFF7F3FE039B00F00F0098404BEAA3
:10F64000000B0433AEE7B145EAD82B4903930122FE
:10F650003046FEF73EFF039B0028E1D1A2E7A91E3A
:10F66000204600F011FF0028C2D04FF00309C1E787
:10F6700009DA751B214601982A4600F0CFFC7F1B52
:10F68000044600F1140A4FF00009B8E7D8F8045016
:10F69000BD426FDDED1BAE4234DCD8F80C30022BDE
:10F6A00022D0032B24D0012B15D1AE4213D1012E31
:10F6B0000BD1029AD8F80430136001232361CAF8F1
:10F6C00000300E9B62251C603AE7711E204600F058
:10F6D000DBFE0028EDD10198214600F08FFA0E9A4A
:10F6E0000023136050252BE70F9B002BF3D1E0E79D
:10F6F0000F9B002BDDD1EEE7A4280108F7290108B4
:10F70000082A01086F1EB9F1000F30D127B1394620
:10F71000204600F0B9FE81467A1101235AF82220D2
:10F7200007F01F07BB4013422946204618BF49F087
:10F730000209FFF721FED8F80470761B0225B9F103
:10F74000000F47D0D8F80C30022B15D0032B17D060
:10F75000012B09D119F0020F06D0DAF8003049EA7E
:10F76000030919F0010F0ED145F0100532E04FF0FA
:10F770000109D1E70125E2E70F9BC3F101030F93D4
:10F780000F9B002BF0D0D4F810B004F114034FEA13
:10F790008B0A03EB8B014FF0000C184653F8042B37
:10F7A000B2F1FF3F1BD001320260022D04F11403BD
:10F7B0003CD1D8F80020013AB24209D1711101229E
:10F7C00053F8213006F01F0602FA06F61E423AD11F
:10F7D00045F020050E9B1C60029B1F60B0E699421D
:10F7E00043F804CCD9D8A3689B4517DB616801981E
:10F7F000013100F0C3F9814618B91A4B0246842141
:10F80000C5E62269023204F10C0192000C30FEF7C9
:10F8100046FF2146019800F0F1F94C4623695A1C35
:10F8200004EB8303226101225A61BEE722695A4533
:10F830000BDD01212046FFF79FFDD8F80830013786
:10F84000BB42FFF6E0AE0125C2E716F01F06FAD074
:10F850005344C6F1200653F8040C00F081FAB0427C
:10F86000E7DBF0E7F7290108C2F10802920070B562
:10F87000C2F120064368046803FA06F52C43D3401E
:10F88000046040F8043F8842F4D370BD30B503688B
:10F89000013311F8014B14B90360012030BD13F896
:10F8A000012BA2F14105192D98BF2032A242F0D0C0
:10F8B0000020F3E72DE9F04F0B6801685E1102EBC1
:10F8C000860613F01F0387B018BF04360025371FC4
:10F8D00082469046019346F8045CB9463C46029540
:10F8E000AB464A784B1C039342B3104605910492F1
:10F8F000FFF794FD002851D1049A0599202A18D8C1
:10F90000029B9B4513DD4C4506D2072D04DC2A469D
:10F9100049462046FFF7A8FF444552D90023A4F1E9
:10F92000040944F8043CCDF808B04C461D46039940
:10F93000D7E7292A57D10231CAF80010BBF1000FCE
:10F9400051D04C4506D2072D04DC2A4649462046B4
:10F95000FFF78AFF444536D9A8F10402234653F83D
:10F96000041B42F8041F9F42F9D23B1B23F0030300
:10F9700004330134033EB44288BF042343440022CD
:10F9800043F8042B9F42FBD23B681BB9474528D163
:10F9900001233B60052007B0BDE8F08F0135082D3D
:10F9A0000BF1010B06DD4445C1D9002344F8043CAA
:10F9B0000125043C226800F00F0040EA021020609C
:10F9C000B5E70825B3E7019B002BDDD0C3F1200389
:10F9D0004FF0FF32DA4056F8043C134046F8043C3E
:10F9E000D2E7043FD0E70420D5E70000024B0146F0
:10F9F000186800F025B800BF5803002470B50F4EFA
:10FA00000C463168054611B900F09CFF3060214674
:10FA1000284600F097FF431C03D14FF0FF342046E7
:10FA200070BDC41C24F00304A042F8D0211A28465B
:10FA300000F088FF0130F2D1EFE700BF746D0024C1
:10FA40002DE9F843CD1C25F0030508350C2D38BFF2
:10FA50000C25002D064601DBA94204D90C23336096
:10FA60000020BDE8F883DFF8D48000F07BF8D8F8F8
:10FA700000301C4644BB29463046FFF7BFFF431CFD
:10FA8000044658D1D8F800402746002F43D1002C17
:10FA90004BD023683946304604EB030900F052FF8F
:10FAA000814542D121686D1A29463046FFF7A6FFED
:10FAB00001303AD023682B442360D8F800305A68CC
:10FAC00062BBC8F800700FE02268521B20D40B2ADA
:10FAD00017D96119A342256018BF5960636808BF30
:10FAE000C8F8001062514B60304600F041F804F154
:10FAF0000B00231D20F00700C21A1CBF1B1AA350C5
:10FB0000AFE76268A3420CBFC8F800205A60EBE779
:10FB100023466468AEE73C467F68B6E71A465B68F2
:10FB2000A342FBD100235360DEE70C233360304651
:10FB300000F01EF894E70560D6E700BF786D00245A
:10FB400082B001B901A942B14BB113780B601278B0
:10FB5000101E18BF012002B070471046FBE76FF07F
:10FB60000100F8E70148FEF798BD00BF706D002462
:10FB70000148FEF793BD00BF706D002470B5C669E3
:10FB800004460D4676B91020FFF730FF0246E061CB
:10FB900020B9184B18486B21FEF7A0FDC0E901669B
:10FBA0000660C660E669F36883B1E369DB6853F811
:10FBB0002500B8B9012101FA05F6721D9200204610
:10FBC00000F0D7FE60B1C0E901560EE02122042109
:10FBD000204600F0CEFEE369F060DB68002BE4D144
:10FBE000002070BD026843F825200023C0E90333DC
:10FBF000F7E700BFDD280108682A010870B5C6696B
:10FC000005460C4676B91020FFF7F0FE0246E86183
:10FC100020B9094B09488F21FEF760FDC0E9016654
:10FC20000660C6603CB1EB696268DB6853F822107D
:10FC3000216043F8224070BDDD280108682A0108D0
:10FC40002DE9F0410D6907460C461E4601F1140CE2
:10FC50000020DCF8003099B202FB01611E0C0B0C95
:10FC600002FB063389B2013001EB034185424CF8B7
:10FC7000041B4FEA1346ECDC0EB3A368AB4219DC5D
:10FC8000616838460131FFF779FF804628B902469E
:10FC90000C4B0D48BA21FEF721FD2269023204F116
:10FCA0000C0192000C30FEF7FAFC21463846FFF7B3
:10FCB000A5FF444604EB850301355E6125612046BE
:10FCC000BDE8F081F7290108682A01082DE9F84309
:10FCD0000C4615461F4609220833064693FBF2F3ED
:10FCE000002101229A4209DB3046FFF747FF40B965
:10FCF0000246194B1948D321FEF7F0FC520001319E
:10FD0000F0E7089B4361092D4FF00103036116DD05
:10FD100004F10909C8462C4418F8013B0146303B60
:10FD20000A223046FFF78CFFA045F5D1A5F1080463
:10FD30004C442D1B6319BB4204DBBDE8F8830A3435
:10FD40000925F6E714F8013B0146303B0A2230460C
:10FD5000FFF776FFEEE700BFF7290108682A0108E0
:10FD6000B0F5803F034636BF030400201020B3F1F6
:10FD7000807F3CBF1B020830B3F1805F3CBF1B019A
:10FD80000430B3F1804F3CBF9B000230002B05DBF9
:10FD900013F0804F00F1010008BF20207047036876
:10FDA000024613F007000BD0D90721D4980749BFAA
:10FDB0005B089B08012013605CBF13600220704742
:10FDC00099B209B91B0C1020D9B209B908301B0A25
:10FDD000190704BF1B090430990704BF9B080230B0
:10FDE000D90703D45B0800F1010003D0136070470A
:10FDF000002070472020704710B50C460121FFF706
:10FE0000BDFE024628B9054B054840F24511FEF7F4
:10FE100065FC01234461036110BD00BFF72901089F
:10FE2000682A01082DE9F04F17460A693B699A4292
:10FE3000A8BF3B468946A4BF0F4699463D69D9F8FD
:10FE400010A0BB68796805EB0A06B34285B0B8BF5D
:10FE50000131FFF793FE30B90246414B41484FF460
:10FE6000B171FEF73BFC00F1140404EB860E23464F
:10FE70000022734520D307F1140809F1140108EB9F
:10FE8000850501EB8A030293EB1B153B23F003036B
:10FE900004331537BD4238BF04230193029B0391FD
:10FEA0008B420CD8002E03DD5EF8043D002B55D0AC
:10FEB000066105B0BDE8F08F43F8042BD9E7B1F82F
:10FEC00000A0BAF1000F1FD0C446A14600275CF87D
:10FED000042BD9F800301FFA82FB9BB20AFB0B33CC
:10FEE0003B44D9F80070120C3F0C0AFB027202EB83
:10FEF00013429BB243EA0243654549F8043B4FEA8B
:10FF00001247E4D8019BE750039BB3F802900431F9
:10FF1000B9F1000F20D023684746A4464FF0000AED
:10FF2000B7F800B0BCF8022009FB0B2252449BB288
:10FF300043EA02434CF8043B57F8043B4FEA134AA8
:10FF4000BCF8003009FB0A3303EB1243BD424FEA11
:10FF5000134AE5D8019AA35004349FE7013EA1E774
:10FF6000F7290108682A01082DE9F843154612F01F
:10FF7000030207460E4607D0254C013A002354F8E9
:10FF80002220FFF75DFE0646AD103DD0FC697CB92E
:10FF90001020FFF72BFD0246F86128B91D4B1E48C3
:10FFA00040F2B311FEF79AFBC0E901440460C4605B
:10FFB000D7F81C80D8F808404CB940F27121384677
:10FFC000FFF71AFF0023C8F80800044603604FF04B
:10FFD0000009EB070AD5314622463846FFF722FFD3
:10FFE000314680463846FFF709FE46466D100BD075
:10FFF000206838B9224621463846FFF713FF2060B3
:020000040801F1
:10000000C0F800900446E4E73046BDE8F88300BF3E
:100010002C2D0108DD280108682A01082DE9F04788
:100020000C464968236903EB6218A36807469146AA
:100030004FEA621A08F10106B3420BDB3846FFF7BC
:100040009DFD054648B90246284B29484FF4EF71FB
:10005000FEF744FB01315B00EEE7002300F11401E1
:1000600000F110021846534533DB20692AEAEA7A88
:1000700004F1140319F01F0901EB8A0103EB800C52
:100080002BD0C9F1200E8A460022186800FA09F028
:1000900010434AF8040B53F8042B9C4522FA0EF245
:1000A000F3D8ACEB0403153B23F00303043304F152
:1000B0001500604588BF0423CA500AB108F1020642
:1000C000013E38462E612146FFF798FD2846BDE8DF
:1000D000F08742F8040F0133C5E7043953F8042BC5
:1000E00041F8042F9C45F9D8EAE700BFF729010839
:1000F000682A01080A6903460069801A30B50ED1E2
:100100001433143103EB820401EB820154F8045DD3
:1001100051F8042D954203D005D24FF0FF3030BD89
:10012000A342F3D3FBE70120F9E700002DE9F74FE5
:1001300089460646114648461446FFF7DBFF051E72
:1001400012D129463046FFF719FD024628B93F4B28
:1001500040F237213E48FEF7C1FA0123C0E90435D9
:10016000104603B0BDE8F08FBCBF4B46A1463046F9
:10017000D9F80410BABF1C4601250025FFF7FEFC84
:10018000024618B9314B40F24521E3E7D9F8107027
:100190002669C56009F1100309F1140504F1140E74
:1001A00000F1140B05EB87080EEB86060193D94688
:1001B0004FF0000C019B5EF8040B53F804AF019361
:1001C0001FFA8AF3194683B2CB1A000C6344C0EBC2
:1001D0001A4000EB23409BB243EA0043764549F8BE
:1001E000043B4FEA204CE5D8331B153B23F00303B7
:1001F00015340433A64238BF04231D445B441E4615
:100200002C4644450ED308F10301491B21F003019C
:10021000033DA84538BF00210B4453F8041D91B19C
:1002200017619DE754F8041BE646080C1CFA81FC94
:10023000714400EB2C4089B241EA004146F8041BAE
:100240004FEA204CDDE7013FE7E700BFF72901084F
:10025000682A010882B08DED000B019A0F4B134004
:10026000A3F15073002B08DC5B42B3F1A07F4FEA8F
:10027000235204DA4FF400231341002208E0A2F1D4
:1002800014031E2BDABF4FF00042DA400122002394
:100290001946104641EC100B02B070470000F07F89
:1002A0002DE9F041066900F1140808EB8606371FB6
:1002B00056F8042C1046FFF753FDC0F120030A281E
:1002C0000B601B4915DCC0F10B0C22FA0CF3B8458E
:1002D00043EA010534BF56F8083C0023153002FA02
:1002E00000F023FA0CF303431C4645EC104BBDE829
:1002F000F081B8453ABF56F8083CA6F1080700233C
:100300000B3812D0C0F1200123FA01F482402243BD
:10031000474542F07F558CBF57F8042C002283409C
:10032000CA4045F440151343DEE742EA0105DBE726
:100330000000F03F2DE9F7430F46012159EC108BE7
:100340001646FFF71BFC044630B90246234B2448EF
:1003500040F20F31FEF7C2F9C9F30A55C9F313038E
:100360000DB143F480130193B8F1000323D0684624
:100370000093FFF714FDDDE90012D0B1C0F12003B6
:1003800002FA03F30B43C24063610192019BA36134
:10039000002B0CBF012202222261A5B1A5F2334538
:1003A00005443D60C0F135003060204603B0BDE833
:1003B000F0836161EAE701A8FFF7F1FC019B63614B
:1003C00020300122E8E704EB8203A0F232403860DB
:1003D0001869FFF7C5FCC0EB4210E5E7F7290108F3
:1003E000682A01082DE9F74F884669468146FFF7DC
:1003F00057FF01A9404655EC104BFFF751FFD8F8C5
:100400001030D9F81020D21ADDE900315B1A03EB65
:10041000421357EC106B002BD6BFC3EB03332A46B5
:100420003A46AB46A246CEBF02EB035B02EB035358
:1004300000EE903A4BEC17AB87EE000B03B0BDE833
:10044000F08F013970B549111469013102F11403BB
:1004500000EB810103EB8404051FA3420CD3A31A14
:10046000113B23F003031132A24288BF002318443A
:100470000023884205D370BD53F8046B45F8046F20
:10048000EBE740F8043BF4E700F1140200694B117C
:10049000984210B511DB0ADD11F01F0107D052F8A8
:1004A000234024FA01F000FA01F18C420BD102EB57
:1004B0008303934203D8002010BD0346F7E753F8A7
:1004C000041D0029F5D00120F6E70346084641B196
:1004D000FF2A04D98A221A604FF0FF3070470A7051
:1004E000012070472DE9F0478E681F46BE420B6819
:1004F00082460C4690462DD8B1F90C2012F4906F2C
:1005000026D06569096905EB4505A3EB010905EBF3
:10051000D5757B1C4B446D109D4238BF1D4653055D
:1005200027D52946FFF78CFA064660B321694A466B
:10053000FEF7B5F8A38923F4906343F08003A38109
:10054000266165614E44A5EB09052660A5603E461F
:10055000BE4200D93E4620683246414600F0D8F9F6
:10056000A3689B1BA3602368334423600020BDE87D
:10057000F0872A4600F011FA06460028E0D12169EA
:100580005046FEF7AFFE0C23CAF80030A38943F0B3
:100590004003A3814FF0FF30E9E700002DE9F04F61
:1005A00098468B891B069DB007460D46144610D50C
:1005B0000B6973B94021FFF743FA2860286130B90D
:1005C0000C233B604FF0FF301DB0BDE8F08F40239F
:1005D0006B610023099320238DF82930CDF80C801E
:1005E0003023DFF89C818DF82A304FF00109234633
:1005F0009A4613F8012B0AB1252AF9D1BAEB040B5C
:100600000BD05B46224629463846FFF76BFF013088
:1006100000F0A780099A5A4409929AF80030002BFA
:1006200000F09F8000234FF0FF32CDE905230AF14F
:10063000010A049307938DF853301A935446052208
:1006400014F8011B4E48EFF75BFE049AD8B9D006A8
:1006500044BF20238DF85330110744BF2B238DF85E
:1006600053309AF800302A2B15D0079A54460020B0
:100670004FF00A0C214611F8013B303B092B4BD9B6
:10068000B0B1079214E0A0EB080309FA03F3134397
:100690000493A246D2E7039B191D1B680391002B0C
:1006A000BBBF5B4242F0020207930793B8BF0492BC
:1006B00023782E2B0AD163782A2B32D1039B1A1D63
:1006C0001B68039243EAE37302340593DFF8C0A08A
:1006D000217803225046EFF713FE38B1049BA0EBBC
:1006E0000A004022824013430134049314F8011B92
:1006F00024488DF828100622EFF702FE002836D095
:10070000214B1BBB039B073323F0070308330393E1
:10071000099B334409936AE70CFB02320C46012023
:10072000A8E700230134059319464FF00A0C204630
:1007300010F8012B303A092A03D9002BC6D00591B5
:10074000C4E70CFB012104460123F0E703AB00934F
:100750002A460E4B04A93846FCF75EFF421C0646AB
:10076000D6D1AB895B063FF52DAF09982CE703ABDB
:1007700000932A46054B04A93846FDF7D5F9EDE765
:10078000C12A0108CB2A010819D60008E50401088E
:10079000C72A0108B1F90C202DE9F04116070546DA
:1007A0000C4654D44B68002B02DC0B6C002B48DD4C
:1007B000E66A002E45D0002312F480522F68216A89
:1007C0002B6030D0626DA389590705D56368D21AB2
:1007D000636B0BB1236CD21A0023E66A216A2846A8
:1007E000B047431CA38906D129681D292BD82A4A62
:1007F000CA40D60727D500226260D9042269226048
:1008000004D5421C01D12B6803B96065616B2F6070
:10081000B9B104F14403994202D02846FEF762FDC3
:10082000002363630DE001232846B0470246501CB5
:10083000C9D12B68002BC6D01D2B01D0162B1ED181
:100840002F60002022E043F040031BB21BE00F6941
:10085000002FF6D093070E6808BF4B690F6018BFD2
:100860000023A6EB07088B60B8F1000FE9DD216AD1
:10087000A66A43463A462846B047002808DCB4F941
:100880000C3043F04003A3814FF0FF30BDE8F0810E
:100890000744A8EB0008E7E70100402038B50B69E2
:1008A00005460C4613B90025284638BD18B1036A21
:1008B0000BB9FDF7E9FCB4F90C30002BF3D0626EF4
:1008C000D00704D4990502D4A06DFDF7E6FE2846B2
:1008D0002146FFF75FFF636EDA070546E4D4A3897C
:1008E0009B05E1D4A06DFDF7D9FEDDE70EB403B59D
:1008F000014603AB054853F8042B0068019300F050
:10090000A3F802B05DF804EB03B07047580300246D
:10091000884210B501EB020402D98442234607D86D
:10092000431EA14208D011F8012B03F8012FF8E76C
:10093000024401468A4200D110BD13F8014D02F86D
:10094000014DF7E738B5064D0023044608462B60F5
:10095000F3F782FD431C02D12B6803B1236038BD3D
:100960006C6D002408B5062000F042FA0120F3F770
:1009700045FD70B5A1FB025434B92946FFF760F874
:10098000064628B9304670BD0C2202600026F9E701
:100990002A462146FDF786FDF4E72DE9F04107469A
:1009A00014460D4621B9BDE8F0411146FFF748B89D
:1009B0002AB9FEF797FC25462846BDE8F08100F0ED
:1009C00033FA8442064602D8B4EB500FF4D82146DD
:1009D0003846FFF735F8804608B94546ECE7B4429B
:1009E0002246294628BF3246FDF759FE2946384699
:1009F000FEF778FCF1E79368013B002B10B493609D
:100A000008DA9469A34201DB0A2903D15DF8044B9B
:100A100000F032B91368581C1060197008465DF870
:100A2000044B7047F8B506460F461446D518AC423D
:100A300001D1002007E014F8011B3A463046FFF7C9
:100A4000DAFF431CF3D1F8BD2DE9F04F0D469DB000
:100A500014469846064618B1036A0BB9FDF714FC14
:100A60006B6ED90705D4AB899A0502D4A86DFDF742
:100A700014FEAB891B0701D52B699BB9294630466B
:100A800000F038F970B16B6EDC0704D54FF0FF3021
:100A90001DB0BDE8F08FAB899805F7D4A86DFDF7C0
:100AA000FDFDF3E70023099320238DF82930CDF8CD
:100AB0000C803023DFF8AC818DF82A304FF001092B
:100AC00023469A4613F8012B0AB1252AF9D1BAEB2D
:100AD000040B0BD05B46224629463046FFF7A2FFA7
:100AE000013000F0A780099A5A4409929AF8003020
:100AF000002B00F09F8000234FF0FF32CDE905234B
:100B00000AF1010A049307938DF853301A9354465F
:100B1000052214F8011B5348EFF7F2FB049AD8B9E9
:100B2000D10644BF20238DF85330130744BF2B2335
:100B30008DF853309AF800302A2B15D0079A544676
:100B400000204FF00A0C214611F8013B303B092BE5
:100B50004BD9B0B1079214E0A0EB080309FA03F3F4
:100B600013430493A246D2E7039B191D1B6803910C
:100B7000002BBBBF5B4242F0020207930793B8BF52
:100B8000049223782E2B0AD163782A2B32D1039B2F
:100B90001A1D1B68039243EAE37302340593DFF8DE
:100BA000D4A0217803225046EFF7AAFB38B1049B6A
:100BB000A0EB0A004022824013430134049314F84E
:100BC000011B29488DF828100622EFF799FB002811
:100BD0003FD0264B1BBB039B073323F0070308338F
:100BE0000393099B3B4409936AE70CFB02320C46D2
:100BF0000120A8E700230134059319464FF00A0CA1
:100C0000204610F8012B303A092A03D9002BC6D010
:100C10000591C4E70CFB012104460123F0E703AB77
:100C200000932A46124B04A93046FCF7F5FC074610
:100C3000781CD6D16B6ED90705D4AB899A0502D43E
:100C4000A86DFDF72BFDAB895B063FF51FAF09983B
:100C50001EE703AB00932A46054B04A93046FCF778
:100C600063FFE4E7C12A0108CB2A010819D600086E
:100C7000250A0108C72A0108F8B50E46144605469C
:100C800018B1036A0BB9FDF7FFFAA369A360A38942
:100C90001A0701D5236943B92146284600F02AF8EE
:100CA00018B14FF0FF373846F8BD23682269981A0B
:100CB0006369F6B28342374605DC21462846FFF7D2
:100CC000EDFD0028EDD1A368013BA36023685A1C09
:100CD00022601E706269431C9A4204D0A389DB071C
:100CE000E1D50A2EDFD121462846FFF7D7FD00289F
:100CF000D9D0D6E738B5294B054618680C4618B147
:100D0000036A0BB9FDF7C0FAB4F90C30190722D405
:100D1000DA0607D409222A6043F04003A3814FF08A
:100D2000FF3033E0580712D5616B41B104F1440341
:100D3000994202D02846FEF7D5FA00236363A389BF
:100D400023F02403A3810023636023692360A38924
:100D500043F00803A38123694BB9A38903F42073EB
:100D6000B3F5007F03D02146284600F08BF8B4F994
:100D70000C3013F001020AD00022A26062695242D4
:100D8000A261226942B913F08000C5D138BD99072C
:100D900058BF6269A260F4E70020F7E75803002417
:100DA0001F2938B505460C4604D9162303604FF0B9
:100DB000FF3038BDC26B12B152F821304BB9284612
:100DC00000F030F8224601462846BDE8384000F0E1
:100DD00017B8012B0AD0591C03D116230360012038
:100DE000E7E7002142F82410204698470020E0E77A
:100DF000024B01461868FFF7D3BF00BF5803002419
:100E000038B5074D00230446084611462B60F3F71A
:100E1000EDFA431C02D12B6803B1236038BD00BF3B
:100E20006C6D0024F3F7E0BA51F8043C181F002B56
:100E3000BCBF0B58C018704770B50C46B1F90E1006
:100E4000002996B015461E460DDAA38913F0800FCF
:100E50004FF0000114BF40234FF480630020316045
:100E60002B6016B070BD6A4600F048F80028ECDB35
:100E7000019901F47041A1F50053594259414FF4D1
:100E80008063EBE78B89F7B59D0706460C4607D5CF
:100E900004F14703236023610123636103B0F0BDC4
:100EA00001AB6A46FFF7C8FF009F0546394630464A
:100EB000FEF7C6FD48B9B4F90C309A05EED423F01C
:100EC000030343F00203A381E2E7A389206043F018
:100ED0008003A381019BC4E904075BB1B4F90E1040
:100EE000304600F01DF828B1A38923F0030343F036
:100EF0000103A381A3891D43A581CFE738B5074D21
:100F000000230446084611462B60F3F79CFA431C65
:100F100002D12B6803B1236038BD00BF6C6D002483
:100F200038B5064D0023044608462B60F3F790FAC7
:100F3000431C02D12B6803B1236038BD6C6D0024C3
:100F400008B52DED028BB0EE408A00F06EFBB4EEDA
:100F5000488AF1EE10FA0CD6DFED078AB4EEE88A83
:100F6000F1EE10FA05D5FDF76DFB88EEA80A2123F6
:100F70000360BDEC028B08BD00000000C0F3C75346
:100F80007E2B10D9962B0CD80122C3F1960302FABE
:100F900003F35A1E024206D1034214BF012002206D
:100FA00070470220704700207047000000000000DA
:100FB00037B510EE101A10EE904AA1F5000263004A
:100FC000B2F1FE4FF0EE407AB0EE607A03F1FF30FE
:100FD0006FF0807252D2904258D2002001F140430B
:100FE00003F54D039E4ABFEE002BC3F3C3446FF3DA
:100FF0001603C91A02EB041407EE901A94ED025B73
:1010000094ED004BDB15B7EEE76A07EE903AA4EEDD
:10101000062B92ED421B22EE024B24EE040BB8EE9F
:10102000E76B36EE056B92ED405B92ED443BA2EE32
:10103000051B92ED465BA2EE035B92ED483BB7EEDB
:10104000C77AA2EE036BA4EE056BA1EE006B27EE50
:10105000067B17EE903AC3F3CF3248F2BF039A42B1
:10106000C0F098809FED766BB4EEC67BF1EE10FA7F
:1010700079DD03B0BDE8304000F0B0BA904230D323
:101080002BB14900B1F17F4F08D815E053B981F475
:101090008001490011F5000F40F2CA8037EE870A3F
:1010A00003B030BDB1F17E5F05D184F480046400EB
:1010B00014F5000FF0E74900B3F17F4FEED1B1F125
:1010C000FE4F00F0B580B1F1FE4F6FEA040434BF6B
:1010D00000210121E40FA14240F0AD8027EE070A74
:1010E000DEE74D006B1E93421BD3002920EE000A61
:1010F0000EDA2046FFF742FF012809D1B1EE400A7F
:1011000045B9002CCCDA03B0BDE8304000F06CBA31
:101110000020F5E7002CC3DAF7EE007A87EE800AAC
:10112000BEE700291DDA2046FFF728FF20B903B0EB
:10113000BDE8304000F06ABA431E584258410004EE
:1011400021F00041B1F5000FBFF448AFDFED456A73
:1011500027EEA60A10EE103A23F00043A3F13861FF
:101160003CE70020EEE79FED386BB4EEC67BF1EE76
:1011700010FA45DD4FF04C53D0B30193DDED016A19
:10118000BFEE006A76EE666AF4EE466AF1EE10FA99
:101190007FF46FAFB7EE000B334B93ED405B37EE50
:1011A000056B16EE102A36EE456B02F01F0137EE86
:1011B000467B93ED425B27EE074B93ED446B03EBCD
:1011C000C10553F83140A7EE056B6D6893ED465BA2
:1011D000801800210A1905EBC033A7EE050B43EC7C
:1011E000172BA6EE040B20EE070BB7EEC00B57E74C
:1011F0000093DDED006AB7EE006A76EE866AC3E71B
:101200009FED136BB4EEC67BF1EE10FA04D803B079
:10121000BDE8304000F0D6B99FED0F6BB4EEC67B51
:10122000F1EE10FAB6D503B0BDE8304000F0D0B909
:10123000B7EE000A34E79FED0D0A31E7AFF3008007
:1012400071D5D1FFFFFF5F40E2AAA3FFFFFF5F4020
:101250000000000000C062C00000000000A062C0EA
:10126000B03001080000004B682F010800000000AA
:10127000CB0712D421EE005B90ED1A6B90ED187B3A
:10128000A6EE017B90ED166B21EE051BA6EE050B7D
:10129000A7EE010BB7EEC00B704790ED146B21EE7B
:1012A000015B90ED127B90ED0C0BA1EE067B90EDB7
:1012B0000E6BA1EE060B90ED106B21EE051BA5EE5B
:1012C000060BE5E70000000037B510EE104AC4F346
:1012D0000A53B3F57D7FB7EEC06AF0EE407A18D2BC
:1012E00026EE061BB3F5667F0AD214F0FF4F03D13A
:1012F000B7EEC11B8DED011AB0EE670A03B030BD29
:101300003B48B0EE460B002103B0BDE83040FFF78C
:10131000AFBF40F22E42934224D8354B93ED087B69
:1013200026EE077BFDEEC77B03F1700017EE901AE7
:1013300001F50001091607EE901A01F0030203EB14
:10134000C202B8EEE75B92ED000B93ED0A7B11F061
:10135000020FA5EE476B08BF184626EE061B20EECF
:10136000060BD1E7B3F5FF6F37D22249C4F3836090
:1013700001EB8002C4F31603C4F3C25551F82010E8
:10138000106A126943F40003AB40A0FB03505943B9
:10139000E3FB020101F100539D0F03F04043C91A22
:1013A000EFF794F905EBD474114B04F0030203EB4F
:1013B000C2029FED0D6B92ED000B41EC170B14F088
:1013C000020F27EE067B03F17000294608BF18467E
:1013D00027EE071B20EE070B96E703B0BDE8304071
:1013E00000F014B9AFF30080182D4454FB21193CD0
:1013F000882E0108282E0108CB0712D421EE005BAD
:1014000090ED1A6B90ED187BA6EE017B90ED166BBC
:1014100021EE051BA6EE050BA7EE010BB7EEC00BE8
:10142000704790ED146B21EE015B90ED127B90ED17
:101430000C0BA1EE067B90ED0E6BA1EE060B90ED72
:10144000106B21EE051BA5EE060BE5E70000000082
:1014500038B510EE104AC4F30A53B3F57D7FB7EEEA
:10146000C07A1FD227EE077BB3F5667FC0F082807B
:1014700027EE074B444B93ED145B93ED126B93ED0A
:101480000C0BA7EE056B93ED0E5BA7EE050B93ED32
:10149000105B27EE047BA4EE050BA6EE070BB7EE60
:1014A000C00B38BD40F22E42934229D8364B93ED03
:1014B000086B27EE066BFDEEC66B03F1700016EEAF
:1014C000901A01F50001091606EE901A01F00302C8
:1014D00003EBC202B8EEE65B92ED000B93ED0A6BF4
:1014E00011F0020F81F00101A5EE467B08BF1846FE
:1014F00027EE071BBDE8384020EE070BFFF77CBF47
:10150000B3F5FF6F32D22149C4F3836001EB80024F
:10151000C4F31603C4F3C25551F82010106A1269BF
:1015200043F40003AB40A0FB03505943E3FB02012B
:1015300001F100539D0F03F04043C91AEFF7C6F8BD
:1015400005EBD474104B9FED0E6B41EC170B04F0C0
:10155000030203EBC20292ED000B27EE067B03F1C0
:10156000700014F0020F85F00101BFE7BDE83840BC
:1015700000F04CB8B7EE000A93E700BFAFF300806D
:10158000182D4454FB21193C882E0108282E0108EF
:1015900010B52DED028BB0EE408A0446FDF752F8EF
:1015A000B0EE480ABDEC028B046010BD30B1F1EE24
:1015B000407A27EE800A2220FFF7EABFF0EE407A59
:1015C000F7E700009FED010AFFF7F0BF00000010F1
:1015D0009FED010AFFF7EABF0000201A9FED010A04
:1015E000FFF7E4BF000000709FED070AF7EE007AF6
:1015F000BFEE007A00284FF0220047FE877A87EE80
:10160000800AFFF7C5BF00BF00000000F0EE407A7F
:1016100030EE407AF4EE677AF1EE10FA87EE070AC0
:1016200002D62120FFF7B4BF7047B1EEC00A704761
:10163000F8B500BFF8BC08BC9E467047F8B500BFBF
:08164000F8BC08BC9E4670478F
:1016480000003442000007430000614300809D43CE
:10165800000070C10000C0C000000041436F696C09
:101668002063616C6962726174696F6E2073696767
:101678006E61747572652F76657273696F6E206D11
:1016880069736D61746368210D0A00436F696C208A
:1016980063616C6962726174696F6E2073697A65DF
:1016A800206D69736D61746368210D0A00436F6969
:1016B8006C207A65726F206669656C6420696E6952
:1016C8007469616C697A65642E0D0A00436F696CF0
:1016D8002063616C6962726174696F6E206C6F61FE
:1016E8006465642028256420636F696C732C202549
:1016F8006420706F696E7473290D0A005B256C7520
:101708005D2025730D0A00436F696C2067656F6D56
:1017180065747279204F4B202863656E7465725F1B
:101728007A3D3535206D6D290D0A0053656E736F4E
:10173800722067656F6D65747279204F4B2028722F
:101748003D3335206D6D2040203435C2B0290D0A57
:1017580000494D5520616E676C65733A20726F6C55
:101768006C3D252E32662070697463683D252E32E3
:1017780066207961773D252E32660A0043757272BC
:10178800656E74206C696D69742072656163686543
:10179800642C207363616C696E6720627920252E42
:1017A80033660A005261772063757272656E7473CE
:1017B8003A2049303D252E33662049313D252E33C8
:1017C800662049323D252E33660A004D61747269E0
:1017D8007820696E76657273696F6E206661696CD0
:1017E8006564210A005374617274696E67206C65C0
:1017F8007669746174696F6E20636F6E74726F6C52
:101808002E2E2E0D0A004C657669746174696F6E10
:1018180020737461727465642E20546172676574F4
:101828003A2028252E31662C20252E31662C20259D
:101838002E3166290D0A0053746F7070696E672027
:101848006C657669746174696F6E20636F6E74720B
:101858006F6C2E2E2E0D0A004C65766974617469C2
:101868006F6E207461726765742075706461746549
:10187800643A2028252E31662C20252E31662C200E
:10188800252E3166290D0A004573743A2028252E25
:1018980031662C20252E31662C20252E31662920F4
:1018A8007C42307C3D252E30660A0042616C6C20FB
:1018B8006F7574206F6620626F756E647320287868
:1018C8003D252E31662C20793D252E31662C207A37
:1018D8003D252E3166292E2053746F7070696E670E
:1018E800206C657669746174696F6E2E0D0A004DFF
:1018F80061782063757272656E743A20252E32669F
:101908002041202872656C3D252E3266290D0A007B
:101918007A3D252E316620667A3D252E326620498D
:10192800303D252E3266412049313D252E32664113
:101938002049323D252E3266410A00414C4320742D
:10194800696D653A20256C75206D730A00515350F6
:1019580049204A454445432049443A2030782530B7
:10196800366C5820284F4B290D0A005153504920F6
:101978006E6F7420726573706F6E64696E67212074
:1019880049443A2030782530386C580D0A003D3DDE
:101998003D204D61676E65746963204D616E6970A5
:1019A800756C61746F722053797374656D20496E1C
:1019B800697469616C697A6174696F6E203D3D3D37
:1019C8000D0A00436F696C203020617420493D3056
:1019D8003A2073656E736F7230206669656C642097
:1019E8003D20252E31662C20252E31662C20252ED3
:1019F800316620C2B5540D0A00436F696C2030204F
:101A0800617420493D313A2073656E736F723020DE
:101A18006669656C64203D20252E31662C20252EB4
:101A280031662C20252E316620C2B5540D0A004996
:101A38006E697469616C697A696E67206D61676E39
:101A4800657469632073656E736F72732E2E2E0D25
:101A58000A004661696C656420746F20696E697458
:101A680069616C697A65205153504920466C6173ED
:101A780068210D0A005153504920466C6173682053
:101A8800696E697469616C697A65642E0D0A004C27
:101A98006F6164696E672063616C69627261746901
:101AA8006F6E20646174612E2E2E0D0A00537973B7
:101AB80074656D20696E697469616C697A617469AD
:101AC8006F6E20636F6D706C6574652E0D0A004132
:101AD8007661696C61626C6520636F6D6D616E64BF
:101AE800733A0D0A0068656C70202D2053686F7773
:101AF8002074686973206D656E750D0A00737461D2
:101B0800747573202D2053686F772073797374650B
:101B18006D207374617475730D0A0073656E736F4D
:101B280072203C6964783E202D20526561642073E0
:101B3800656E736F7220646174610D0A0063616C75
:101B4800696272617465205B6964785D202D204349
:101B5800616C6962726174652073656E736F72205F
:101B68006F66667365742028616C6C2073656E738C
:101B78006F7273206966206E6F20696E64657829BC
:101B88000D0A00736176655F63616C202D205361D7
:101B980076652063616C6962726174696F6E206436
:101BA80061746120746F20666C6173680D0A006C43
:101BB8006F61645F63616C202D204C6F61642063EA
:101BC800616C6962726174696F6E2064617461200E
:101BD80066726F6D20666C6173680D0A00737461BC
:101BE80072745F73747265616D205B696E7465727F
:101BF80076616C5F6D735D202D2053746172742063
:101C0800646174612073747265616D696E67202800
:101C180064656661756C743A203530206D73290DE2
:101C28000A0073746F705F73747265616D202D2084
:101C380053746F7020646174612073747265616D90
:101C4800696E670D0A006C65766974617465202D8C
:101C5800205374617274206C657669746174696F5D
:101C68006E20636F6E74726F6C0D0A0073746F7000
:101C78005F6C65766974617465202D2053746F708C
:101C8800206C657669746174696F6E20636F6E7419
:101C9800726F6C0D0A007365745F746172676574A6
:101CA80020782079207A202D20536574206C657661
:101CB80069746174696F6E207461726765742070ED
:101CC8006F736974696F6E0D0A00726561645F6392
:101CD800616C203C6964783E202D20526561642047
:101CE80073656E736F7220776974682063616C69BD
:101CF80062726174696F6E206170706C6965640DE1
:101D08000A00726561645F726177203C6964783E9D
:101D1800202D2052656164207261772073656E738F
:101D28006F72206461746120287769746820676124
:101D3800696E290D0A00746573745F636F696C209E
:101D48003C6964783E203C73746172743E203C6543
:101D58006E643E203C737465703E203C647572610D
:101D680074696F6E5F6D733E202D2052756E2074FE
:101D7800657374206F6E2073696E676C6520636F7E
:101D8800696C0D0A00746573745F616C6C203C703B
:101D98006F7765723E202D2053657420616C6C202E
:101DA800636F696C7320746F20706F776572202879
:101DB8002D312E2E31290D0A00746573745F6772F8
:101DC8006F7570203C6D61736B3E203C706F77655A
:101DD800723E202D2053657420636F696C732062F6
:101DE8007920626974206D61736B20286865782991
:101DF80020746F20706F7765720D0A0073746F70AE
:101E08005F74657374202D2053746F70206375722E
:101E180072656E7420636F696C20746573740D0A43
:101E280000636F696C735F6F6666202D205475724E
:101E38006E206F666620616C6C20636F696C730D31
:101E48000A000D0A3E200053797374656D2073747F
:101E5800617475733A0D0A00557074696D653A209E
:101E6800256C75206D730D0A0043505520757361FC
:101E780067653A20252E316625250D0A00436F69CE
:101E88006C7320656E61626C65643A2025640D0A86
:101E98000053656E736F727320656E61626C656462
:101EA8003A2025640D0A0043616C696272617469A5
:101EB8006F6E20646F6E653A2025640D0A004D6FC1
:101EC8006E69746F72696E67206163746976653ACA
:101ED8002025640D0A004C657669746174696F6E1B
:101EE800206163746976653A2025640D0A004261B1
:101EF8006C6C20706F736974696F6E3A20583D2559
:101F08002E32662C20593D252E32662C205A3D252E
:101F18002E32660D0A00256C75002C252E31662C94
:101F2800252E31662C252E3166002C302C302C3095
:101F38000050726F63657373696E67202564206251
:101F4800797465732E2E2E0D0A0044617461207316
:101F5800697A65206D69736D617463683A20657884
:101F68007065637465642025642C20676F74202570
:101F7800640D0A005369676E61747572653A2030A2
:101F880078253038582C2056657273696F6E3A2060
:101F980025640D0A00496E76616C6964207369676F
:101FA8006E61747572650D0A00496E76616C6964BC
:101FB8002076657273696F6E0D0A0053697A652021
:101FC8006D69736D617463683A20636F696C733D02
:101FD80025642C2073656E736F72733D25642C2005
:101FE800706F696E74733D25640D0A0045726173E4
:101FF800696E6720736563746F72732E2E2E0D0AD7
:102008000045726173656420736563746F72206143
:10201800742030782530366C580D0A005772697470
:10202800696E67206461746120746F205153504950
:102038002E2E2E0D0A00436F696C2063616C696255
:10204800726174696F6E20736176656420746F20A5
:10205800515350492061742030782530366C580D22
:102068000A004F4B0D0A00526561647920746F2095
:102078007265636569766520256420627974657385
:102088002E2E2E0D0A005541525420726563656943
:102098007665206572726F723A2025640D0A0049D0
:1020A8006E76616C6964207369676E6174757265B8
:1020B8003A20657870656374656420307825303817
:1020C800582C20676F74203078253038580D0A0056
:1020D800496E76616C69642076657273696F6E3AD1
:1020E8002065787065637465642025642C20676FAB
:1020F800742025640D0A0053697A65206D69736D33
:10210800617463680D0A000820080068656C700037
:1021180073746174757300436F696C202564207350
:10212800657420746F20252E32660D0A00496E767C
:10213800616C696420636F696C20696E6465780DF1
:102148000A0055736167653A20636F696C203C69C2
:1021580064783E203C706F7765723E0D0A00636FAD
:10216800696C5F616C6C00416C6C20636F696C73A7
:102178002073657420746F20252E32660D0A005571
:10218800736167653A20636F696C5F616C6C203CB2
:10219800706F7765723E0D0A00636F696C5F6F66DA
:1021A8006600416C6C20636F696C73207475726E85
:1021B8006564206F66660D0A0073656E736F720042
:1021C80055736167653A2073656E736F72203C6959
:1021D80064783E0D0A00496E76616C696420736507
:1021E8006E736F7220696E6465780D0A007465738A
:1021F800745F636F696C00537461727465642074F2
:10220800657374206F6E20636F696C2025640D0AF6
:102218000055736167653A20746573745F636F690D
:102228006C203C6964783E203C73746172743E2073
:102238003C656E643E203C737465703E203C64755A
:10224800726174696F6E5F6D733E0D0A0074657319
:10225800745F616C6C0053657420616C6C20636FF3
:10226800696C7320746F20252E32660D0A00557331
:102278006167653A20746573745F616C6C203C70AB
:102288006F7765723E0D0A00746573745F67726FCD
:10229800757000536574206D61736B203078255814
:1022A80020746F20252E32660D0A0055736167650C
:1022B8003A20746573745F67726F7570203C6D6146
:1022C800736B3E203C706F7765723E0D0A00737425
:1022D8006F705F7465737400436F696C2074657305
:1022E800742073746F707065640D0A0072656164A0
:1022F8005F7261770055736167653A207265616442
:102308005F726177203C6964783E0D0A00636F69EB
:102318006C735F6F666600726561645F63616C0011
:1023280055736167653A20726561645F63616C200B
:102338003C6964783E0D0A007365745F7069645F78
:10234800706F730050494420706F735B25645D2083
:1023580073657420746F2025662025662025660A1B
:10236800007365745F7069645F6F72690063616CA4
:102378006962726174650043616C69627261746953
:102388006E6720616C6C2061637469766520736583
:102398006E736F72732E2E2E0D0A00736176655F51
:1023A80063616C006C6F61645F63616C007374617E
:1023B80072745F73747265616D0053747265616DD8
:1023C800696E6720737461727465642028696E741D
:1023D800657276616C3A20256C75206D73290D0A3B
:1023E8000073746F705F73747265616D00537472FB
:1023F80065616D696E672073746F707065640D0A2E
:102408000073746F705F6C657669746174650066DB
:102418006C6173685F636F696C007365745F746186
:10242800726765740055736167653A207365745FF8
:1024380074617267657420782079207A0D0A0055D6
:102448006E6B6E6F776E20636F6D6D616E643A2090
:10245800272573270D0A00547279202768656C7048
:102468002720666F7220617661696C61626C6520F5
:10247800636F6D6D616E64730D0A00466174616C03
:10248800206572726F72206F636375727265642162
:102498002053797374656D2068616C7465642E0DC2
:1024A8000A003D3D3D3D3D3D3D3D3D3D3D3D3D3DC4
:1024B8003D3D3D3D3D3D3D3D3D3D3D3D3D3D3D3D44
:1024C8003D3D3D3D3D3D3D3D3D3D0D0A002020202B
:1024D8004D41474E45544943204D414E4950554C76
:1024E80041544F5220434F4E54524F4C205359534E
:1024F80054454D0D0A0020202056657273696F6E91
:102508003A20322E3020436C65616E6564207C2051
:10251800436F696C733A202564207C2053656E7381
:102528006F72733A2025640D0A003D3D3D3D3D3DE7
:102538003D3D3D3D3D3D3D3D3D3D3D3D3D3D3D3DC3
:102548003D3D3D3D3D3D3D3D3D3D3D3D3D3D3D3DB3
:102558003D3D0D0A0D0A00494D55207365713D2515
:102568007520723D256420703D256420793D2564E1
:102578000A005153504920636F6D6D616E64207479
:10258800696D656F7574210D0A00515350492072A9
:102598006563656976652074696D656F7574210D6D
:1025A8000A0053656E736F72202564206465746534
:1025B800637465642028666163746F72792073653B
:1025C8007474696E67732C204741494E5F53454CBC
:1025D8003D37290D0A0053656E736F7220256420FC
:1025E8006E6F742064657465637465640D0A004DCC
:1025F8004C58393033393320696E697420646F6EF2
:10260800652C2025642073656E736F727320616377
:10261800746976650D0A00496E636F6E7369737429
:10262800656E742073746174653A20646D615F62CD
:102638007573793D31206275742073656E736F729E
:1026480020256420646D615F73746174653D256441
:102658002E20526573657474696E672E0A00444DA6
:1026680041207374617274206661696C65642066C8
:102678006F722073656E736F722025640D0A0053A4
:10268800746174653A20636F6E765F7374617274F7
:1026980065643D25642C20646D615F627573793DC6
:1026A80025642C20637572725F73656E733D2564B3
:1026B8000A00444D412074696D656F757420666F1A
:1026C800722073656E736F722025640A00476C6F01
:1026D80062616C20636F6E76657273696F6E2074C9
:1026E800696D656F75742C20726573657474696E95
:1026F800670A0053656E736F72202564206E6F74CD
:1027080020636F6E6E65637465640D0A0043616CC7
:102718006962726174696E672073656E736F722087
:1027280025642E2E2E0D0A004F66667365743A20B6
:10273800583D252E31662C20593D252E31662C20FA
:102748005A3D252E316620C2B5540D0A0053656ED8
:10275800736F72202564206E6F742063616C6962E8
:1027680072617465642C20726177206461746120E1
:10277800646973706C617965642E0D0A0053656E27
:10278800736F722025642063616C6962726174657D
:10279800643A20583D252E31662C20593D252E318E
:1027A800662C205A3D252E316620C2B5542C206D4A
:1027B80061676E69747564653D252E316620C2B502
:1027C800540D0A0053656E736F72733A2025642F97
:1027D800256420636F6E6E6563746564005361766B
:1027E800655F43616C6962726174696F6E5F546F93
:1027F8005F466C617368206E6F7420696D706C65DC
:102808006D656E7465640D0A004C6F61645F4361A9
:102818006C6962726174696F6E5F46726F6D5F4654
:102828006C617368206E6F7420696D706C656D657E
:102838006E7465640D0A00535049206572726F7298
:10284800206F6E2073656E736F722025642C20656F
:1028580072726F723D256C750A0053544D6963722C
:102868006F656C656374726F6E6963730053544D62
:1028780033322048756D616E20696E7465726661C9
:1028880063650048494420436F6E6669670048499C
:102898004420496E74657266616365002E00494E76
:1028A8004600696E66004E414E006E616E00303122
:1028B800323334353637383941424344454600309F
:1028C80031323334353637383961626364656600CE
:1028D80065256C64005245454E54206D616C6C6FE3
:1028E8006320737563636565646564002F62756949
:1028F8006C642F676E752D746F6F6C732D666F72B5
:102908002D73746D33325F31332E332E72656C3113
:102918002E32303235303532332D303930302F7356
:1029280072632F6E65776C69622F6E65776C69626A
:102938002F6C6962632F737472696E672F73747278
:10294800746F6B2E63004300504F534958002C207E
:1029580066756E6374696F6E3A2000617373657291
:1029680074696F6E2022257322206661696C656424
:102978003A2066696C6520222573222C206C696ECA
:1029880065202564257325730A00496E66696E699A
:102998007479004E614E002F6275696C642F676E02
:1029A800752D746F6F6C732D666F722D73746D3324
:1029B800325F31332E332E72656C312E3230323520
:1029C800303532332D303930302F7372632F6E65C6
:1029D800776C69622F6E65776C69622F6C696263C8
:1029E8002F7374646C69622F64746F612E63004284
:1029F800616C6C6F632073756363656564656400FF
:102A08002F6275696C642F676E752D746F6F6C73A8
:102A18002D666F722D73746D33325F31332E332E02
:102A280072656C312E32303235303532332D3039D3
:102A380030302F7372632F6E65776C69622F6E6505
:102A4800776C69622F6C6962632F7374646C696256
:102A58002F6764746F612D6765746865782E6300ED
:102A68002F6275696C642F676E752D746F6F6C7348
:102A78002D666F722D73746D33325F31332E332EA2
:102A880072656C312E32303235303532332D303973
:102A980030302F7372632F6E65776C69622F6E65A5
:102AA800776C69622F6C6962632F7374646C6962F6
:102AB8002F6D707265632E6300232D302B20006804
:102AC8006C4C006566674546470000000AD7233C02
:102AD800F4FD543D6DE7FB3DD578693E8D970E3F7B
:102AE8005A643B3FCDCC6C3F3333B33F0AD7E33F07
:102AF800CDCCCC3DCDCC4C3E9A99993ECDCCCC3E5C
:102B08009A99193F3333333FCDCC4C3F6666663FC5
:102B18000000803F9A534C46334B0845665AD645C9
:102B28009A4B2946CD446A45CDD079C6CD048C460A
:102B3800666650C36656C1C6339D23C6662613C54E
:102B4800CD85A54600E0C1C566A69C439A728E460F
:102B58008941403F48E19A3F23DB193FD9CE773F6F
:102B680079E9E63E23DB393F1283C03E48E11A3F4C
:102B78009A99993ED9CEF73E0000803E0456CE3E43
:102B8800CDCC4C3E4260A53E9A99193ED9CE773EAF
:102B980000000000010203040102030406070809FB
:102BA80000061016000610160100020004000600B8
:102BB80008000A000C0010002000400080000001FE
:102BC80008040204080101010101010307010000D2
:102BD80034000000CEFBFFFFCB0300000100000023
:102BE8000000000035000000CEFBFFFFCB03000013
:102BF8000100000000000000BC89D897B2D29C3CBC
:102C080033A7A8D523F649393DA7F444FD0FA532CB
:102C18009D978CCF08BA5B25436FAC642806681172
:102C28000020202020202020202028282828282094
:102C3800202020202020202020202020202020208C
:102C480020881010101010101010101010101010F4
:102C580010040404040404040404041010101010E4
:102C680010104141414141410101010101010101AE
:102C78000101010101010101010101011010101000
:102C88001010424242424242020202020202020280
:102C980002020202020202020202020210101010D4
:102CA80020000000000000000000000000000000FC
:102CB800000000000000000000000000000000000C
:102CC80000000000000000000000000000000000FC
:102CD80000000000000000000000000000000000EC
:102CE80000000000000000000000000000000000DC
:102CF80000000000000000000000000000000000CC
:102D080000000000000000000000000000000000BB
:102D180000000000000000000000000000000000AB
:102D28000000000005000000190000007D00000000
:102D38000080E03779C34143176E05B5B5B89346AF
:102D4800F5F93FE9034F384D321D30F94877825A7B
:102D58003CBF737FDD4F1575000000000000F03F99
:102D6800000000000000244000000000000059405E
:102D78000000000000408F40000000000088C340B1
:102D880000000000006AF8400000000080842E4126
:102D980000000000D01263410000000084D7974172
:102DA8000000000065CDCD41000000205FA0024278
:102DB800000000E876483742000000A2941A6D42ED
:102DC800000040E59C30A2420000901EC4BCD642E0
:102DD80000003426F56B0C430080E03779C341438B
:102DE80000A0D8855734764300C84E676DC1AB4301
:102DF800003D9160E458E143408CB5781DAF15441F
:102E080050EFE2D6E41A4B4492D54D06CFF08044F9
:102E1800F64AE1C7022DB544B49DD9794378EA440E
:102E2800A2000000F9A2000083F9A2006E83F9A2B3
:102E38004E6E83F9444E6E8315444E6E2915444EEA
:102E4800FC29154427FC29155727FC29D15727FCAD
:102E5800F5D1572734F5D157DD34F5D1C0DD34F538
:102E6800DBC0DD3462DBC0DD9562DBC0999562DBD7
:102E78003C999562433C999590433C994190433CD9
:102E8800000000000000F03F000000000000F0BF5C
:102E9800000000000000F0BF000000000000F03F4C
:102EA80083C8C96D305F6441182D4454FB21F93F34
:102EB800000000000000F03F1C620CFDFFFFDFBFB8
:102EC800198F06E15355A53F9D359AE887C056BF2F
:102ED800C3F87B024393F93E03A695595455C5BFE1
:102EE800C40B23057610813F24CF7437EB9429BF98
:102EF800000000000000F03F000000000000F0BFEC
:102F0800000000000000F0BF000000000000F03FDB
:102F180083C8C96D305F6441182D4454FB21F93FC3
:102F2800000000000000F0BF1C620CFDFFFFDF3F47
:102F3800198F06E15355A5BF9D359AE887C0563FBE
:102F4800C3F87B024393F9BE03A695595455C5BFF0
:102F5800C40B23057610813F24CF7437EB9429BF27
:102F6800000000000000F03F748515D3B0D9EF3F92
:102F78000F89F96C58B5EF3F515B12D00193EF3FC1
:102F88007B517D3CB872EF3FAAB968318754EF3F57
:102F98003862756E7A38EF3FE1DE1FF59D1EEF3F10
:102FA80015B7310AFE06EF3FCBA93A37A7F1EE3F36
:102FB8002234124CA6DEEE3F2D89616008CEEE3F2A
:102FC800272A36D5DABFEE3F824F9D562BB4EE3F07
:102FD800295448DD07ABEE3F85553AB07EA4EE3F55
:102FE800CD3B7F669EA0EE3F745FECE8759FEE3F99
:102FF8008701EB7314A1EE3F13CE4C9989A5EE3FE0
:10300800DBA02A42E5ACEE3FE5C5CDB037B7EE3FD1
:1030180090F0A38291C4EE3F5D253EB203D5EE3F0A
:10302800ADD35A999FE8EE3F475EFBF276FFEE3F3D
:103038009C5285DD9B19EF3F6990EFDC2037EF3F0D
:1030480087A4FBDC1858EF3F5F9B7B33977CEF3FEF
:10305800DA90A4A2AFA4EF3F40456E5B76D0EF3F75
:10306800000000000000E8429423914BF86AAC3F4E
:10307800F3C4FA50CEBFCE3FD6520CFF422EE63FE5
:103088000000000000003843FE822B6547154740CA
:103098009423914BF86ABC3EF3C4FA50CEBF2E3F3E
:1030A800D6520CFF422E963FBEF3F879EC61F63FFC
:1030B8001930965BC6FEDEBF3D88AF4AED71F53F1D
:1030C800A4FCD432680BDBBFB010F0F03995F43FA4
:1030D8007BB71F0A8B41D7BF8503B8B095C9F33FAB
:1030E8007BCF6D1AE99DD3BFA564880C190DF33FFA
:1030F80031B6F2F39B1DD0BFA08E0B7B225EF23F50
:10310800F07A3B1B1D7CC9BF3F341A4A4ABBF13FCA
:103118009F3CAF93E3F9C2BFBAE58AF05823F13F69
:103128005C8D78BFCB60B9BFA70099413F95F03F50
:10313800CE5F47B69D6FAABF000000000000F03FB9
:103148000000000000000000AC479AFD8C60EE3FD4
:103158003DF5249FCA38B33FA06A021FB3A4EC3FD1
:10316800BA913854A976C43FE6FC6A573620EB3F3B
:10317800D2E4C44A0B84CE3F2DAAA163D1C2E93F51
:103188001C65C6F04506D43FED417803E686E83F66
:10319800F89F1B2C9C8ED83F624853F5DC67E73FAD
:1031A800CC7BB14EA4E0DC3F0B6E49C91676D23F0A
:1031B8007AC675A06919D7BFDDBAA76C0AC7DE3F02
:1031C800C8F6BE484715E7BF2BB82A654715F73F2D
:0831D80008D1FE7F0100000098
:0431E000C50200081C
:0431E400A10200083C
:1031E8000000204100007041000040410000C03F45
:1031F8006F12833A6F12833A0AD7233C00000041CA
:1032080000000041CDCC4C3D000000000000000053
:1032180000000000000000000000000000000000A6
:1032280000000000000000000000C841000000008D
:103238000000000000000000CDCC4C3DCDCC4C3D42
:103248000AD7A33C0AD7A33B0AD7A33B6F12033B79
:103258000AD7A33C0AD7A33C0AD7233C00000000A6
:103268000000000000000000000000000000000056
:103278000000000000000000000000000000000046
:103288000000000000000000000000000000704185
:103298000000004032000000FF0000000090D00352
:1032A8000090D00301000000100000000501090291
:1032B800A1010901A100050919012903150025012A
:1032C8009503750181029501750581010501093094
:1032D800093109381581257F750895038106C009CC
:1032E8003C05FF09011500250175019502B12275FC
:1032F800069501B101C000000A0600020000004066
:1033080001000000092111010001224A000000000B
:1033180009022200010100E0320904000001030152
:103328000200092111010001224A00070581030456
:10333800000A000099BA00086DBA000871B90008BF
:10334800000000000000000011B9000800000000A3
:1033580000000000000000000000000051B9000853
:103368002DB900084DB9000821B900081A0300005A
:103378000000000000000000000000000000000045
:10338800000000000000000004030904120100020C
:103398000000004083042B570002010203010000D3
:1033A800C9C30008D5C3000849C4000865C400089B
:1033B8000DC4000881C400089DC400080000000076
:1033C8000000000003000000306C002443000000EF
:1033D80000000000000000000000000000000000E5
:1033E8000000000000000000000000004300000092
:1033F80000000000000000000000000000000000C5
:103408000000000000000000000000004300000071
:1034180000000000000000000000000000000000A4
:103428000000000000000000000000004300000051
:103438000000000000000000000000000000000084
:103448000000000000000000000000004300000031
:103458000000000000000000000000000000000064
:103468000000000000000000000000004300000011
:103478000000000000000000000000000000000044
:1034880000000000000000000000000043000000F1
:103498000000000000000000000000000000000024
:1034A800000000000000000000000000CB0401083C
:1034B80041FB000800000000282C0108A42801088E
:1034C8001221010812210108122101081221010804
:1034D80012210108122101081221010812210108F4
:1034E80012210108FFFFFFFFFFFFFFFFFFFFFFFFA4
:1034F800FFFF00000100415343494900000000005C
:1035080000000000000000000000000000000000B3
:10351800000000000000415343494900000000003A
:103528000000000000000000000000000000000093
:1035380000000000000000005C0300240000000000
:10354800306C0024986C0024006D002400000000FA
:103558000000000000000000000000000000000063
:103568000000000000000000000000000000000053
:103578000000000000000000000000000000000043
:0835880000000000000000003B
:0400000508004BC1E3
:00000001FF
